Sample_ID,Sample_Stratum,DDB_ID,Title,Place,Date_NotBefore,Date_NotAfter,Grain_Form,Context_Window,Has_Money_Cue,Has_Unit_Cue,Has_Number,Human_Label,Human_Commodity,Human_Qty,Human_Unit,Human_Price,Human_Currency,Human_Notes,RB_Grain_Form,RB_Qty_Value,RB_Qty_Unit,RB_Price_Value,RB_Price_Cur,RB_Score,RB_Priceword_Near,RB_Context_Type,RB_Signal_Type,RB_Signal_Strength,RB_Neg_Signals,LLM_Is_Price,LLM_Confidence,LLM_Commodity,LLM_Qty,LLM_Unit,LLM_Price,LLM_Currency,LLM_Reasoning
1,A_money,p.oxy;24;2421,Account of Wheat,Oxyrhynchites (?),0312,0323,κριθ,ραπίων ἰατρὸς κριθ ῆς ἀρτάβη 1 1/6 δηνάρια 765 . | Ξ ε νικὸς Τροίλου σίτ ου ἀρτάβης 1/12 δηνάρια 82 κριθ ῆς ἀρτάβη 1 1/2 1/3 δηνάρια 1200 . | Θε ρ μούτιον καὶ Σύρα καὶ Μάζα ς σίτ ου ἀρτάβης 1/3 1/24 δηνάρ,True,True,True,ME,,,,,,,κριθ,3.166667,αρταβαι,0.166667,ταλαντον,33.98,no,PRICE,priceword_ext,0.6,,True,high,κριθ,3.167,artaba,2050.0,denarius,"The entry for Pnephis son of Diodorus directly links 3 1/6 artabas of barley to a payment of 1 talent and 550 denarii (equivalent to 2050 denarii), indicating a clear price."
2,A_money,p.petr;3;109,Military Taxes,Arsinoites,-0248-11-01,,πυρου,38 ἔτους χωματι κὸν δραχμὰς 16 | ἁλικῆς δραχμὰς 11 | φυλακ ιτικὸν πυροῦ 3 | γίνονται δραχμαὶ 177 5 πυροῦ 9 | ε ἰς τοῦτο πέπτωκεν | ἔτους 36 Φαμενὼθ χω ματικὸν εἰς τὸ 36 ἔτος δραχμὰς 13 | | Ἁ θὺρ 16 εἰς τὸ,True,False,True,FP,,,,,,,πυρου,,,18,δραχμαι,25.05,no,OTHER,,0.0,,True,high,πυρου,15.0,artaba,150.67,drachma,"The phrase 'δραχμαὶ 150 4 κριθῆς ἀρτάβας 15' explicitly links 15 artabas of barley to 150 drachmas and 4 obols (150 + 4/6 drachmas), indicating a price."
3,A_money,p.sarap;;79e,Comptes de dépenses au titre de l’impôt,Hermopolites,0127,0128,πυρου,ον 1/2 | πηχ ισμοῦ 15 4 | εἰ δῶν 1 2 | ὑ π ὲρ Κονν α ρ Ἀπολ λωνίου 5 5 1/2 | Περι π όλιν ἄνω τι μῆς πυροῦ ὑ π ὲρ Σοή ρεως | Ἀπολ λωνίου ἀρτάβαι 2 1/4 δραχμαὶ 18 | γίνονται δραχμαὶ 44 ||| | δραχμαὶ 44 δραχμ,True,True,True,TP,,,,,,,πυρου,2,αρταβων,16,δραχμαι,32.88,no,OTHER,,0.0,,True,high,πυρου,10.0,artaba,80.0,drachma,The phrase 'τιμῆς πυροῦ' explicitly indicates a valuation of wheat. The entry 'ὑπὲρ Σοήρεως Ἀπολλωνίου ἀρτάβαι 10 δραχμαὶ 80' clearly links 10 artabas of wheat to 80 drachmas.
4,A_money,p.sarap;;79e,Comptes de dépenses au titre de l’impôt,Hermopolites,0127,0128,πυρου,εχ εὶρ 15 δραχμαὶ 124 | Περὶ π όλιν κ ά τ ω πυροῦ ὑ π ὲρ Σαρα π ίωνος ἀρτάβαι 10 1/2 δραχμαὶ 84 | 5 πυροῦ 2 1/2 δραχμαὶ 20 | Πατ εμί τ ης κ ά τ ω ἀρτάβαι 2 1/2 δραχμαὶ 20 | γίνονται δραχμαὶ 124 | Φαμε νὼθ,True,True,True,TP,,,,,,,πυρου,2,αρταβων,16,δραχμαι,32.88,no,OTHER,,0.0,,True,high,πυρου,10.0,artaba,80.0,drachma,The phrase 'τιμῆς πυροῦ' explicitly indicates a valuation of wheat. The entry 'ὑπὲρ Σοήρεως Ἀπολλωνίου ἀρτάβαι 10 δραχμαὶ 80' clearly links 10 artabas of wheat to 80 drachmas.
5,A_money,p.petr;3;109,Military Taxes,Arsinoites,-0248-11-01,,πυρου,ραχμαὶ 76 1 πυροῦ 8 1/2 ||| | Φ αῖδρος Λεπτίν ου | τοῦ 36 ἔτους χω ματικὸν | ἁ λικῆς | φυ λακιτικὸν πυροῦ 3 | γίνονται δραχμαὶ 23 2 πυροῦ 3 | τοῦ 37 ἔτους χωματι κὸν | ἁλικῆς δραχμὰς | ἐ ν νόμιον σὺν φυ λα,True,False,True,FP,,,,,,,πυρου,,,18,δραχμαι,25.05,no,OTHER,,0.0,,True,high,πυρου,15.0,artaba,150.67,drachma,"The phrase 'δραχμαὶ 150 4 κριθῆς ἀρτάβας 15' explicitly links 15 artabas of barley to 150 drachmas and 4 obols (150 + 4/6 drachmas), indicating a price."
6,A_money,p.sarap;;62,Comptes de rentrées en espèces et en nature,Hermopolites,,0128-07-17,πυρου,| εκθεως | Π εμοῦς Φατ ρήο υς εἰς ἀπόδο σιν Παχ | δραχμαὶ 52 πυροῦ ἀρτάβαι 48 1/3 24 | καὶ ὑ π ὲρ τόκο υ 11 ἔτους δραχμαὶ 72 κ αὶ ὑ π ὲρ ἐκφο ρίου | ἀρουρῶν 1/2 1/4 1,True,True,True,BORDER,,,,,,"εἰς ἀπόδοσιν repayment + ἐκφορίου rent — loan/rent mixed with money amounts, ambiguous",πυρου,48.333333,αρταβαι,52,δραχμαι,33.16,no,OTHER,,0.0,,True,medium,πυρου,48.375,artaba,52.0,drachma,"The passage explicitly links 52 drachmas to 48 1/3 24 artabas of wheat for 'ἀπόδοσιν' (payment/delivery), indicating a transactional price. The quantity '48 1/3 24' is interpreted as 48 + 1/3 + 1/24 artabas."
7,A_money,p.mich;2;127,Expense Accounts,Tebtynis (Arsinoites),0045-09-01,0046-01-17,πυρου,| λεπτῆς δαπάνη ς . δραχμαὶ 2 | ὁμ ο ίως ἡμῖν δαπάνης. δραχμαὶ 4 | Μαρσισούχωι ἱερεῖ εἱαιρῖ τιμῆ ς πυροῦ ἀρταβῶν 1 1/2 1/3 . δραχμαὶ 8 | 14 τιμῆ ς φακοῦ Χράτῃ ἀρτάβης 1 1/3 . δραχμαὶ 4 | 16 Εὐτύχῳ υἱῷ ὑει,True,True,True,ME,,,,,,,πυρου,1.833333,αρταβων,0.333333,δραχμαι,36.76,yes,PRICE,priceword_ext,0.6,,True,high,πυρου,1.8333,artaba,8.0,drachma,Explicit τιμῆς (price-of) construction links 1 5/6 artabas of wheat to 8 drachmas.
8,A_money,p.col;4;63,Daily Record of Receipts and Expenditures,Philadelphia? (Arsinoites),-0257-02-23,,σιτου,| εἰς τὸ Ἁρχήβιος πλοῖον κρη σχοινίον | πή χεων 80 πα λαστῆς δα κτύλου χαλ κοῦ δραχμὰς 2 | κάτεργον σίτου ἀρταβῶν 4 τῶν ἀνενεχθεισῶν ἀνενεγχθεισῶν | εἰς τὸ Σαραπιεῖον χαλ κοῦ δραχμὴν 1 | | 2 Σαλῆι Τρωγοδύτ,True,True,True,FP,,,,,,,πυρωνι,,,20,δραχμασ,39.93,no,PRICE,priceword_ext,0.6,,False,high,σιτου,,,,,"The phrase 'κάτεργον σίτου ἀρταβῶν 4 τῶν ἀνενεχθεισῶν ... χαλκοῦ δραχμὴν 1' indicates an expenditure (κάτεργον) of 1 drachma for the 4 artabas of wheat that were transported (ἀνενεχθεισῶν). This is a freight or handling fee, not a sale price for the grain itself."
9,A_money,p.sarap;;74,Comptes d’artabes,Hermopolites,0090,0133,πυρου,2 | Φίβι Χαιρή μονος πυροῦ ἀρτάβης 1/2 | ω ||| | λόγος ἐξαγωγῆ ς | | | Πετεχῶ ν Φατρή ους | Ἁθὺρ 15 πυροῦ ἀρτάβης 1/3 δραχμαὶ 4 2 20 | 6 πυροῦ ἀρτάβης 1/3 δραχμαὶ 4 8 πυροῦ ἀρτάβης 1/3 δραχμαὶ 4 | δι ὰ Εὐτ,True,True,True,ME,,,,,,,πυρου,1,αρταβησ,4,δραχμαι,29.46,no,OTHER,,0.0,,False,high,πυρου,,,,,"The text mentions quantities of wheat (πυροῦ ἀρτάβαι) and the word 'πράσεως' (of sale), indicating a transaction type. However, no monetary amount is associated with these quantities, so it does not constitute a grain price."
10,A_money,p.mich;2;123,Grapheion Register and Grapheion Accounts,Tebtynis (Arsinoites),0045-11-09,0046-12-24,πυρου,ο υρῶν 4 πρὸ ς ἀργ υρίου δραχμὰς 500 . δραχμαὶ 8 | 19 ὁμο λογία Ἰσχυρίωνο ς πρὸ ς Ὀννόφρ ιν ἀποχῆ ς πυροῦ ἀρταβῶν 19 . ὀβολοὶ 14 | ὁμο λογία Τατεφερσῶτος πρὸ ς Ὀρσενοῦφιν περιλύσ εως δραχμῶν 100 . δραχμαὶ,True,True,True,FP,,,,,,"ἀποχῆς πυροῦ ἀρταβῶν 19 — receipt for wheat artabas, grapheion register entry",πυρου,5,αρταβων,100,δραχμων,29.59,no,OTHER,,0.0,,True,high,πυρου,1.833,artaba,16.0,drachma,"The text explicitly states 'πυροῦ ἀρτάβης 1 1/2 1/3 . ἀργυρίου δραχμαὶ 16', directly linking a quantity of wheat to a monetary value. The preceding 'τιμῆς' for beer suggests a context of valuation or pricing."
11,A_money,sb;8;9699,keiner,Hermopolites,,,πυρωι,π τουσι καὶ βωλοκοπ οῦσιν ἐν τοῖς στερείνοις τόποις | ἀρουρῶν 2 πρότερον Οὐλήμιο ς πρὸς τὸ σπαρῆναι πυρῶι ἐργ άται 2 τ ιμῆς 4 | καὶ παῖδ ες 3 τ ιμῆς ὀβολῶν 3 3 χα λκοῦ δραχμαὶ 2 5 | ωρογρα ὑδραγωγο ὺς ἐν τ,True,False,True,FP,,,,,,,πυρου,6,αρταβων,10,δραχμων,46.76,yes,PRICE,"rate_construction,priceword_ext",0.8,,False,high,πυρωι,,,,,"The passage describes agricultural labor ('πυροβολ εῖ' - sowing/spreading wheat, 'βωλοκοποῦσιν' - breaking clods). The drachma amount appears to be a payment for this labor, possibly for 'πυρῶι ἅμα δὲ καὶ τὰς κοιλάδας' (for wheat and also the valleys), rather than a price for a specific quantity of wheat."
12,A_money,p.berl.frisk;;1,Bankakten aus dem Faijûm,Ptolemais Euergetis (Arsinoites),,,πυρου,"ίας , ἧς ἐποιησάμ εθα ἀπὸ θησ αυρῶν | Π ο λ έ μων ος ἐπὶ Δημητρίῳ στρα τηγῷ γ ενή ματος | 1 7 ἔτους πυροῦ ἀρτάβας 18 1/3 , τιμῆς τειμῆς ὡς τῆς ἀρτάβης ἑκά στης | 8 , τὰς συναγομ ένας ἀργ υρίου δραχμὰς ἑκατ",True,True,True,ME,,,,,,,πυρου,2.083333,αρταβασ,25,δραχμασ,27.63,no,PRICE,priceword_ext,0.6,,True,high,πυρου,12.0,artaba,8.0,drachma,"The phrase 'τιμῆς ... ὡς τῆς ἀρτάβης ἑκάστης 8' explicitly states a valuation rate of 8 drachmas per artaba for 12 artabas of wheat. The total amount 'ἐνενή' (ninety) is incomplete and potentially inconsistent with 12*8=96, indicating damage."
13,A_money,p.cair.goodsp;;30,Accounts,"Karanis (Arsinoites, Ägypten)",0192-05-25,,πυρου,μ ῆς δραχμαὶ 56 ||| | | π Θαι σαρίου | π Ἀρχῆ πυροῦ ἀρτάβης 1 1/3 δραχμαὶ 24 | ἀναλωθεῖσαι ἄλ λα ς πυροῦ ἀρτάβης 2/3 δραχμαὶ 12 | ὁ μοίως ἀδελφῷ ἀδ ε λφο πυροῦ ἀρτάβης 2/3 δραχμαὶ 12 | ἐλαίου ῥαφανί νου δ,True,True,True,TP,,,,,,,πυρου,9,αρταβαι,100,δραχμαι,26.36,no,OTHER,,0.0,,False,high,πυρου,,,,,"The text lists expenditures (ἀναλωθεῖσαι) in both drachmas and wheat. While wheat is mentioned (πυροῦ ἀρτάβαι 9), it is recorded as an expenditure in kind, not linked to any monetary price or valuation. The drachma amounts are separate entries."
14,A_money,p.graux;3;30col3,keiner,Ptolemais Euergetis (Arsinoites),,,κριθ,"μὰς ἑξακοσίας ὀ γδ ο ήκοντα ἑπτὰ 1 , γίνονται δραχμαὶ 687 1 . | εἰσὶ δέ· Πεεῦς Μύσθου ἀρτάβας 6 1/6 κριθ ῆς ἀρτάβης 1/2 1/24 , Ὀν ν ῶφρις καὶ Μύσθ ης ἀρτάβας 6 1/2 1/12 | κριθ ῆς ἀρτάβης 1/2 1/24 , Ἥρων κ",True,True,True,FP,,,,,,"List of persons and their grain contributions (artabas + barley fractions), no price transaction",κριθησ,6.5,αρταβασ,8,δραχμων,37.28,no,PRICE,"rate_construction,priceword_ext",0.8,,False,high,κριθ,,,,,"The text lists a total amount in drachmas, followed by a separate enumeration of individuals and their respective quantities of barley. There is no explicit transactional or rate expression linking the drachmas to the barley as a price."
15,A_money,p.tebt;1;70,Report of the Corps of Crown Land,Kerkeosiris (Arsinoites),,,πυρου,"1/12 , 78 1/12 | ὧν γενισμὸς ἐκ ἐγ μὲν τῆς ὑποθή κης πυροῦ 1663 2/3 38 2/3 vestiges , | κ ριθῆς αἳ πυροῦ 287 7 1/4 , ὀλύ ρας αἳ πυροῦ 97 1/2 1/4 , χα λκοῦ 20 δραχμ ἀρτάβαι 39 1/3 1/12 , | γίνονται εἰς πυρ",True,True,True,FP,,,,,,"Tax: land tax register (p.tebt;1;70), grain quantities in tax assessment",,,,,,,,TAX,,,TAX,False,high,πυρου,,,,,"The passage lists quantities of various grains (wheat, barley, spelt) as 'γενισμὸς' (produce/yield) from a 'ὑποθήκης' (mortgage/pledge), followed by 'χαλκοῦ 20' (20 units of copper). There is no explicit transactional language (e.g., 'price of', 'sold for') linking the copper amount to the grain quantities as a price."
16,A_money,p.cair.zen;3;59355,Draft of a statement concerning a loan,Alexandria (?),-0244-07-06,,σιτου,ῆς Πύθω νος τραπέζης ἀρ γυρίου 20 καὶ τόκος χα λκοῦ 20 | καὶ ἐν τῶι 33 ἔτει καὶ 34 ἔτει καὶ 35 ἔτει σίτου τιμὴν χαλ κοῦ δραχμὰς 32 γίνονται ἀργυ ρίου δραχμαὶ 232 ὀβολὸς 1 1/2 χαλ κοῦ 264 ὀβολὸς 1 1/2 ||| |,True,False,True,ME,,,,,,,σιτου,,,32,δραχμασ,27.09,yes,PRICE,priceword_ext,0.6,,True,high,σιτου,,,32.0,drachma,Explicit τιμὴν (price/valuation) construction links grain (σίτου) to 32 copper drachmas. The quantity unit for the grain is not explicitly stated.
17,A_money,bgu;1;14,keiner,Memphites,,,πυρου,Πρωτίου κεραμίου 1 δραχμαὶ 28 . | ὄξους ὑδρομιγ οῦς κεράμια 3 ἐκ ἑκ άστου δραχμῶν 12 δραχμὶ 36 . | πυροῦ ἀρτάβαι 100 ἐκ ἑκ άστησ δραχμῶν 16 δραχμαὶ 1600 | καὶ ἐγλόγου τοῦ προτέρου μη νὸς ἐλοιπ ογράφησα δρ,True,True,True,TP,,,,,,"πυροῦ ἀρτάβαι 100 ἐκ ἑκάστης δραχμῶν 16 δραχμαὶ 1600 — rate construction, 100 art at 16 dr each",,,,,,,,,,,,True,high,πυρου,1.0,artaba,16.0,drachma,"The phrase 'πυροῦ ἀρτάβαι 100 ἐκ ἑκ άστησ δραχμῶν 16 δραχμαὶ 1600' explicitly states a rate of 16 drachmas for each artaba of wheat, totaling 1600 drachmas for 100 artabas."
18,A_money,p.coll.youtie;1;24,Eingabe eines Frauenvormunds in Sachen einer Mitgiftrückerstattung,Ptolemais Euergetis (Arsinoites),0121,0122,κριθ,ς ἐργ άτῃ 1 δραχμὰς 4 | θε ρ ι σ μ οῦ ἐργ άταις 14 δραχμὰς 20 | πο δραγμ ατ 3 ἐργ άτῃ 1 δραχμὴν 1 | κριθ ῆς ἐρ γ άτῃ 1 δραχμ | ||| | ἀνα | θησ α υρ | μεπ α | ἐξ ὧν | νης ε | ἐξ ὧν | ἀρταβ ῶ ν | ναυβ ι | |,True,True,True,FP,,,,,,Seed/Labor: κριθῆς ἐργάτῃ barley paid to harvest worker,,,,,,,,SEED,,,SEED,False,high,κριθ,,,,,"The passage lists payments to workers (ἐργάτῃ/ἐργάταις) in drachmas. The phrase 'κριθῆς ἐργάτῃ 1 δραχμ' indicates a payment to a worker related to barley, not a price for barley itself. It follows the pattern of payments for labor (e.g., harvesting)."
19,A_money,p.lond;6;1914,Letter from Alexandria,Herakleopolites bzw. Kynopolites,0335-05-23,,σιτου,θῇ ἵ ν α τηρῇ τυ ρῇ αὐτὰ μετʼ αὐτοῦ. ἐγὼ γὰρ ἀγοράζων ἄρτους εἰς δια | τροφὴν ἠγόρασα ἠγώρασα ἀρτάβην σίτου ταλάντων 14 . ἐπὰν οὖν εὕρητε εὕρηται εἰδήμονα εἰδήμωνα ἀπο | στείλατέ ἀπο | στίλατέ μοι ὀλίγα ψω,True,True,True,TP,,,,,,Sale: ἀγοράζων ἄρτους... ἠγόρασα ἀρτάβην σίτου ταλάντων 14 — bought 1 artaba of wheat for 14 talents,σιτου,,,14,ταλαντων,45.6,no,PRICE,sale_verb,0.5,,True,high,σιτου,1.0,artaba,14.0,talent,"The text explicitly states 'ἠγόρασα ἀρτάβην σίτου ταλάντων 14' (I bought an artaba of grain for 14 talents), which is a clear purchase transaction linking a quantity of grain to a monetary value."
20,A_money,upz;1;91,Rechnung,Memphis,,,σιτου,"υ ἐρείου 1/2 δραχμαὶ 220 , Ταλούτει δραχμαὶ 240 τῇ 28 καὶ 29 . | τ ῶ ν ἀναλωμάτων ἀνηλομάτων πάντων σίτου καὶ ὀψωνίων ὀψονίον τοῦ Φαρμοῦθι | γίνονται 2670 ||| | ἔτους 22 Παχὼν 1 σίτου 1/2 145 , | τῇ ἠπητρί",True,False,True,FP,,,,,,Ration: σίτου καὶ ὀψωνίων grain and rations/salary,,,,,,,,RATION,,,RATION,True,high,σιτου,1.0,artaba,250.0,drachma,"The entry 'σίτου ἀρτάβης 1 δραχμαὶ 250' explicitly states 1 artaba of grain (σίτος, commonly wheat) is valued at 250 drachmas within Apollonios' account (λόγος)."
21,A_money,p.louvre;1;61,Aufstellung über Geldbeträge,Soknopaiu Nesos (Arsinoites),0201,0225,πυρου,το ύτο υ τιμ ῆ ς φακὸς | δραχμ- 132 ὀβολ- 12 | λ οιπ ὰ λ υπ ἐ ν αὐ τ ῷ δραχμ- 188 ὀβολ- 8 | τι μῆς πυροῦ ἀρταβ- 20 | υἱο ῦ Καπιτου δραχμ- 315 | ἐν ἐμοὶ δραχμ- 110 | το ύτο υ ἔ λ αβ - | ινο | καὶ Κα π ιτου,True,True,True,TP,,,,,,"τιμῆς πυροῦ ἀρταβ- 20 — price of wheat, 20 artabas with τιμή",,,,,,,,,,,,True,high,πυρου,20.0,artaba,315.0,drachma,"The phrase 'τιμῆς πυροῦ ἀρταβ- 20' explicitly states the price of 20 artabas of wheat, immediately followed by the monetary amount 'δραχμ- 315'."
22,A_money,p.mich;2;123,Grapheion Register and Grapheion Accounts,Tebtynis (Arsinoites),0045-11-09,0046-12-24,κριθη,ῶ ν χλορῶ ν ἀρο υρῶν 4 . ὀβολοὶ 10 | μίσ θωσις Ἰουκούνδο υ πρὸ ς Λαβῆ σιν καὶ ἄλλο ν παραδιο φόρο υ κριθῆ ς ἀρταβῶν 67 καὶ δραχμῶν 60 . δραχμαὶ 4 | ὁμο λογία Ὀρσεῦτο ς πρὸ ς Ἀπολλώνιο ν παραθή κης δραχμῶν,True,True,True,FP,,,,,,"παραδιοφόρου κριθῆς — delivery of barley in contract context, grapheion register",κριθη,5,αρταβων,40,δραχμων,30.79,no,OTHER,,0.0,,True,medium,κριθη,2.0,,4.5,drachma,"The phrase 'καὶ κριθῆ ς' (and of barley) is followed by monetary amounts (4 drachmas, 3 obols), indicating a price or valuation. The number '2' likely represents a quantity, though the unit is unspecified. The text shows signs of damage, particularly with an ambiguous '4' before the obol amount."
23,A_money,p.berl.leihg;2;39r,Compte privé,Theadelphia (Arsinoites),,,πυρου,ὶ κυάμ ου ἀρτάβης 1/5 | 8 φακ οῦ ἀρτάβαι 5 1/5 | γενῶν· | Φαῶ φι 5 κυάμ ου ἀρτάβης 1/5 ὀβολοὶ 4 | 7 πυροῦ ἀρτάβης 1/5 1/10 ὀβολοὶ 8 | 8 καὶ φακ οῦ 1/5 1/10 ὀβολοὶ 9 | 9 φακ οῦ ἀρτάβης 1/4 ὀβολοὶ 8 | ἄρτ ων,True,True,True,FP,,,,,,"Small grain fractions (1/5, 1/10 artaba) with obols — possible small sales but more likely grain tax payments",,,,,,,,,,,,True,high,πυρου,1.0,artaba,22.0,obol,Explicit τιμῆς (price-of) construction links 1 artaba of barley to 22 obols.
24,A_money,bgu;16;2577r,Tax List,Herakleopolis,-0030,0014,πυρων,πόλεμος 4 | υ ἱ ὸς Φομβῶς νεώτερος Πεμσάις 4 | Κύων Κήπαις 4 | Διομήδης 4 | Ἀμμῶνις Παυσιμά χου 4 | Πύρων χαλκεὺς 4 | Πετεχ ῶ ν Ὥρου λίνυφος δ | Πετεχῶν Εὐβούλου 4 | 12 Φιλῶτας 4 | Παχῶς Κωφως 4 | υ ἱ ὸς Ἁ,True,False,True,FP,,,,,,,πυρων,,,4,χαλκευσ,26.01,no,OTHER,,0.0,,,,πυρων,,,,,
25,A_money,p.oxy;24;2421,Account of Wheat,Oxyrhynchites (?),0312,0323,κριθ,άρια 982 . | κλη ρονόμοι Ἀσάμωνος ἁλιέως ἁλιεὺ ς σίτ ου ἀρτάβη 1 1/4 δηνάρια 125 | Π νῆφις Διοδώρου κριθ ῆς ἀρτάβαι 3 1/6 τάλαντον 1 δηνάρια 550 . | Μαξιμᾶς Τίμωνος σίτ ου ἀρτάβης 1/24 δηνάρια 82 κριθ ῆς,True,True,True,ME,,,,,,,κριθ,3.166667,αρταβαι,0.166667,ταλαντον,33.98,no,PRICE,priceword_ext,0.6,,True,high,κριθ,3.167,artaba,2050.0,denarius,"The entry for Pnephis son of Diodorus directly links 3 1/6 artabas of barley to a payment of 1 talent and 550 denarii (equivalent to 2050 denarii), indicating a clear price."
26,A_money,p.louvre;1;50,Aufstellung über Geldbeträge,Soknopaiu Nesos (Arsinoites),0216-08-26,,πυρου,ς ὄψους ὄψος | δραχμὰς 38 · καὶ ἀπὸ ἐκλόγο υ δραχμὰς 128 · | Μεσορὴ 10 ἔλαβον ἐλαβα δραχμὰς 4 · 15 | πυροῦ ἀρτάβην 1 · 20 δραχμὰς 4 · ἕως ἐπαγομ ένων | 3 ἡγουμ δραχμὰς 8 · μ ρος δραχμὰς 4 | ναύλ ου Τιξε δρ,True,True,True,FP,,,,,,"Transport: ναύλου freight payment context, grain receipt separate from money",,,,,,,,TRANSPORT,,,TRANSPORT,True,high,πυρου,1.0,artaba,4.0,drachma,"The text explicitly states 'πυροῦ ἀρτάβην 1 · δραχμὰς 4', linking 1 artaba of wheat to 4 drachmas. The preceding 'ἔλαβον' (I received) suggests a payment received for this quantity, indicating a sale."
27,A_money,sb;26;16460,Fragment eines Tempelinventars (γραφὴ ἱερέων καὶ χειρισμοῦ),Tebtynis (Arsinoites),0107,0108,πυρου,"Κρόνου ἡμέ ρῶ ν 36 ἀντὶ πυροῦ ἀρταβῶν 89 πυροῦ ἀρτάβαι 26 1/2 , βυσσουργῷ βυσορκῷ στ ο λ ισμάτ ων | πυροῦ ἀρτάβαι καὶ εἰς τροφὴν αὐτοῖς πυροῦ ἀρτάβαι 2 , μισθ οῦ αὐτοῖς δραχμαὶ 44 τοῖς ἁγνεύουσι κ ατὰ μῆν",True,True,True,FP,,,,,,,πυρου,44.5,αρταβαι,68,δραχμαι,41.68,yes,PRICE,priceword_ext,0.6,,False,high,πυρου,,,,,"The text mentions drachmas for aromatics (τιμῆς ἀρωμάτων) and quantities of wheat (πυροῦ ἀρτάβαι) distributed to priests and those purifying, but no monetary value is linked to the grain."
28,A_money,p.thomas;;26r,Schedule of Prices and Shipping List,unbekannt,0401,0500,σιτου,| διατύπωσις ὠνίων | τοῦ νο μισματίου 1 δηναρίων μυριάδες 4800 | τῶ ν σίτου ἀρταβῶν 8 ν ο μισματίου 1 |,True,True,True,TP,,,,,,"διατύπωσις ὠνίων — tariff/price list: σίτου ἀρταβῶν 8 νομισματίου 1, explicit price schedule",σιτου,8,αρταβων,1,δηναριων,26.25,no,OTHER,,0.0,,True,high,σιτου,8.0,artaba,1.0,nomisma,"The phrase 'τῶν σίτου ἀρταβῶν 8 νομισματίου 1' explicitly states a rate of 8 artabas of grain for 1 nomisma, within a document titled 'statement of purchases'."
29,A_money,upz;1;99,Rechnung,Memphis,,,σιτου,"κίκιος ἄλλας δραχμαὶ 920 | γίνονται ἕως ἥως Ἐπεὶφ 30 τοῦ παντὸς | λόγου λογον δραχμαὶ 2840 καὶ τοῦ σίτου | ἀρτάβας 3 1/2 . ||| | κῖκι χόες 2 1/2 δραχμαὶ 1320 . τούτων | ἀπέχω παρὰ Τευθρατι δραχμὰς 400 , |",True,True,True,FP,,,,,,"Account summary: δραχμαὶ 2840 καὶ τοῦ σίτου ἀρτάβας 3½ — grain and money listed separately, not a price",σιτου,3.5,αρταβασ,2840,δραχμαι,29.02,no,OTHER,,0.0,,,,σιτου,,,,,
30,A_money,sb;26;16460,Fragment eines Tempelinventars (γραφὴ ἱερέων καὶ χειρισμοῦ),Tebtynis (Arsinoites),0107,0108,πυρου,"ς θεοῦ δραχμαὶ , τιμῆς ἀρωμάτων εἰς ἰς σύνθεσιν κ ύφεως δραχμαὶ 68 , τῇ | κωμασίᾳ θεοῦ τοῖς ἱερεῦσι πυροῦ ἀρτάβαι 44 1/2 τοῖς ἁγνεύουσι ἁγνεύοντος ἁγνευωνδος καθ' ἡμέρα ν πυροῦ ἀρτάβαι 1/4 καὶ παστο | φόρο",True,True,True,FP,,,,,,,πυρου,44.5,αρταβαι,68,δραχμαι,41.68,yes,PRICE,priceword_ext,0.6,,False,high,πυρου,,,,,"The text mentions drachmas for aromatics (τιμῆς ἀρωμάτων) and quantities of wheat (πυροῦ ἀρτάβαι) distributed to priests and those purifying, but no monetary value is linked to the grain."
31,A_money,o.trim;1;36,Account,Trimithis (Oasis Magna),0240,0275,πυρου,| ος Σερῆ | νον ἔσχον | πυροῦ ἀρτάβας 2 δραχμὰς 40 ||| | Παῦνι | δι ὰ Μύρωνος μ ατ | διὰ ὀνηλ άτου μα τ,True,True,True,ME,,,,,,,πυρου,2,αρταβασ,40,δραχμασ,32.88,no,OTHER,,0.0,,True,high,πυρου,2.0,artaba,40.0,drachma,"The phrase 'πυροῦ ἀρτάβας 2 δραχμὰς 40' directly links 2 artabas of wheat to 40 drachmas, indicating a clear exchange rate or transaction price."
32,A_money,sb;8;9699,keiner,Hermopolites,,,πυρου,υ ὁμοίως δ πι δραχμαὶ 4 | 13 τιμῆ ς πυροῦ ἀρταβῶν 6 ἐκ δραχμῶν 10 ἀργ υρίου δραχμαὶ 60 | 20 τιμῆ ς πυροῦ ἀρταβῶν 14 πεπραμένω ν κατὰ μ έρος Ἐπιμάχ ου εἰπ όντος ἀργ υρίου δραχμαὶ 140 | 21 Ἀπολλοδώρο υ ἰατρ,True,True,True,TP,,,,,,"Price: τιμῆς πυροῦ ἀρταβῶν 6 ἐκ δραχμῶν 10 — price of 6 artabas wheat at 10 dr each, πεπραμένων sold",πυρου,6,αρταβων,10,δραχμων,46.76,yes,PRICE,"rate_construction,priceword_ext",0.8,,True,high,πυρου,6.0,artaba,60.0,drachma,"The phrase 'τιμῆς πυροῦ ἀρταβῶν 6 ἐκ δραχμῶν 10 ἀργυρίου δραχμαὶ 60' explicitly states the price (τιμή) of 6 artabas of wheat (πυροῦ) at 10 drachmas per artaba, totaling 60 drachmas of silver. The subsequent line also mentions 'πεπραμένων' (sold), confirming a sale context."
33,A_money,p.mich;5;238r,Grapheion Register,Tebtynis (Arsinoites),,,κριθ,πυροῦ ἀρταβῶν 3 δραχμαὶ 2 | ὁμο λογία Ποσιδωνίο υ πρὸ ς Δίδυμο ν παραθή κης ἀργ υρίου δραχμῶν 20 καὶ κριθ ῆς ἀρταβῶν 4 ὀβολοὶ 8 | δάνει ον δάνη ον Λυσιμάχο υ πρὸ ς Ἀγελᾶν καὶ ἄλλο ν ἀργ υρίου δραχμῶν 128,True,True,True,FP,,,,,,"παραθήκης κριθῆς ἀρταβῶν 4 — deposit of barley, grapheion register",κριθ,4,αρταβων,24,δραχμων,30.79,no,OTHER,,0.0,,True,high,κριθ,3.0,artaba,2.0,drachma,"The phrase 'πυροῦ ἀρταβῶν 3 δραχμαὶ 2' directly links 3 artabas of wheat to 2 drachmas, indicating a clear price or rate."
34,A_money,p.oxy;57;3906,Application for Seed - Corn,Oxyrhynchos,0229-10,0229-12,πυρου,τέταρτον ἀρούρας 9 1/2 1/8 1/64 καὶ ἐκ τ οῦ Ἀριστονίκου εἰς Παποντ ῶτα Ἀ ρ ίστω νος | το ῦ Α υ ἀν ὰ πυροῦ ἀρτάβας 3 1/4 1/32 1/64 καὶ δραχμὰς 6 ἀ πὸ ἀρουρῶν 7 1/2 τὸ ἥμισυ τέταρτον ἀρούρας 5 1/2 1/8 καὶ ἐκ,True,True,True,FP,,,,,,,πυρου,2.1875,αρταβασ,5,δραχμασ,27.71,no,OTHER,,0.0,,False,high,πυρου,,,,,"The text describes a request for a loan (δάνεια) of wheat (πυροῦ) for sowing (σπέρματα, κατασποράν). There is no mention of any monetary amount or an exchange rate for the grain."
35,A_money,p.louvre;2;103,Verwaltungsdokument,Arsinoites (?),0001,0200,πυρου,"| Σισόις σ 1 ἔτους | πυροῦ χαλκῶι ἀρτάβαι | εἰς ἃς μεμετρῆσθαι | φακοῦ ἀρτάβαι 14 1/2 ἐκ δραχμῶν 4 , γίνονται ἀρ γ υρίου δραχμ",True,True,True,ME,,,,,,Rate construction: φακοῦ ἀρτάβαι 14½ ἐκ δραχμῶν 4 — but this is lentils (φακοῦ) not wheat; RB matched πυρου from nearby,πυρου,14.5,αρταβαι,4,δραχμων,38.5,no,PRICE,rate_construction,0.8,,True,high,πυρου,1.0,artaba,4.0,drachma,"The phrase 'φακοῦ ἀρτάβαι 14 1/2 ἐκ δραχμῶν 4' explicitly states a rate of 4 drachmas per artaba for lentils. While the total calculation is damaged, the unit price is clear."
36,A_money,p.petr;3;109,Military Taxes,Arsinoites,-0248-11-01,,πυρου,ικὸν πυροῦ 3 | γίνονται δραχμαὶ 19 2 πυροῦ 3 | τοῦ 37 ἔτους χωματικὸν 16 2 | ἁλικῆς 3 | φυλακιτικὸν πυροῦ 3 | γίνονται δραχμαὶ 19 2 πυροῦ 3 | τοῦ 38 ἔτους χω ματι κὸν πυροῦ 16 4 | ἁλικ ῆς 2 φυ λακι τικὸν π,True,False,True,FP,,,,,,,πυρου,,,18,δραχμαι,25.05,no,OTHER,,0.0,,True,high,πυρου,15.0,artaba,150.67,drachma,"The phrase 'δραχμαὶ 150 4 κριθῆς ἀρτάβας 15' explicitly links 15 artabas of barley to 150 drachmas and 4 obols (150 + 4/6 drachmas), indicating a price."
37,A_money,p.berl.salmen;;1,Payment of Soldiers’ Wages in Kind,Herakleopolis,,,πυρου,"καὶ αἱ δό σ εις | γινέσθωσαν κατὰ μῆνα τοῦ μην ὸς χαλκοῦ τάλαντα 12 , γίνονται χα λκοῦ τάλαντα 12 , πυροῦ ἀρτάβ ας 64 , γίνονται πυροῦ ἀρτάβαι 64 , καὶ σύ μβολον | καὶ ἀντισύ μβολον πο ί η σαι ὡς εἴθισ τ α",True,True,True,BORDER,,,,,,"χαλκοῦ τάλαντα 12... πυροῦ ἀρτάβας 64 — copper talents and wheat listed together in payment schedule, possibly rent",πυρου,,,12,ταλαντα,25.05,no,OTHER,,0.0,,False,high,πυρου,,,,,"The passage mentions a quantity of wheat (πυροῦ ἀρτάβας 64) as a 'due measure' (τὸ καθῆκον μέτρημα) and 'deliveries' (δόσεις), but no monetary value is associated with it. This indicates an allocation or payment in kind, not a grain price."
38,A_money,sb;30;17425,Landregister,"Hermopolites, Ägypten",0301,0350,πυρου,ς ἄρουρ- 5 | ἐκ τοῦ Μοσχίωνος ἰδι ωτικῆς ἐ σ π αρμένης ἄρουρ- 5 | φόρου ἀπο τ άκτου μετὰ τὰ δημόσια πυροῦ ἀρτάβ 10 τάλαντ- 3 δραχμ- 2000 | δι ὰ Κελε λ ύ τ ιος καὶ κοινωνῶν ἀπὸ Ἄρεως. ||| | ἱ ερᾶς γῆς ἐ σ π,True,True,True,FP,,,,,,"φόρου ἀποτάκτου — fixed rent after taxes, πυροῦ ἀρτάβ 10 τάλαντ 3 δραχμ 2000",πυρου,1,αρταβησ,1,ταλαντ,26.25,no,OTHER,,0.0,,,,πυρου,,,,,
39,A_money,p.mich;5;238r,Grapheion Register,Tebtynis (Arsinoites),,,πυρου,λοὶ 7 | ὁμο λογία Ἡρακλή ου καὶ τῆ ς γυ ναικὸς πρὸ ς Ἀπολλώ νιον παρα θήκης ἀργυρίου δραχμῶν 212 καὶ πυροῦ ἀρταβῶν 6 1/2 δραχμαὶ 4 | ὁμο λογία Ἁρμιύσιο ς πρὸ ς Δίδυμ ο ν ἐνοική σεως ἐνυκή σεως ἀργ υρίου δρ,True,True,True,ME,,,,,,,πυρου,5,αρταβων,200,δραχμων,29.46,no,OTHER,,0.0,,False,high,πυρου,,,,,"The passage describes an agreement (ὁμολογία) concerning a deposit (παραθήκη) of 200 drachmas of silver, 5 artabas of wheat, 5 artabas of barley, and 6 drachmas. The 6 drachmas are listed as another item in the deposit, not explicitly as the price or valuation of the grain."
40,A_money,sb;18;14039,Liste von Steuerschulden,Oxyrhynchites (?),0368,0369,σιτου,πίου δεσμ αὶ 3 | δελφάκια 9 | φοινίκ ων ἀρτάβαι 1 | οἴνου κερ άμια | Κοπρέως ἀργυ ρ ί ο υ τάλαντα | σίτου ἀρτάβαι 452 | κριθῶν ἀρτάβαι | λαχάνου ἀρτάβαι | σησάμου ἀρτάβαι | οἴνου κ ερ άμι | στιπ πίου δε σ,True,True,True,FP,,,,,,"Inventory/account: σίτου ἀρτάβαι 452 listed alongside other goods, no price linkage",σιτου,384,αρταβαι,53,ταλαντα,32.88,no,OTHER,,0.0,,,,σιτου,,,,,
41,A_money,p.berl.salmen;;9,Request of Seed from a Private Landowner,Herakleopolis,-0086,-0085,πυρου,"ὀλιοσ π όρων πυροῦ ἀρταβῶν 15 1050 , τοῦ 30 ἔτους πυροῦ ἀρταβῶν 39 χαλκοῦ τάλαντα 1050 , | γίνονται πυροῦ 54 τάλαντα 2100 2775 , | τ ῶν καὶ ἐν τῶι 25 ἔτει δεδειγμένω ν πυροῦ ἀρταβῶν | χαλκοῦ 2775 31 ἔτους",True,True,True,FP,,,,,,Rent/lease: πυροῦ ἀρταβῶν 39 χαλκοῦ τάλαντα 1050 — grain rent with bronze payment,πυρου,39,αρταβων,1050,ταλαντα,27.91,no,OTHER,,0.0,,False,high,πυρου,,,,,"The text describes a request for 1 artaba of wheat per aroura 'for seeds' (εἰς σπέρματα). There is no mention of a monetary value or exchange, only a distribution of grain for agricultural purposes."
42,A_money,p.berl.frisk;;1,Bankakten aus dem Faijûm,Ptolemais Euergetis (Arsinoites),,,πυρου,"ίστου | καὶ Πολ έμωνος ὑπ ὲρ φο ρέτρων πυροῦ ἀπεργ ασίας γε ν ομένης | ἐπὶ σοὶ γενή ματος 1 7 ἔτους πυροῦ ἀρτάβας 4 1/4 , τιμῆς τειμῆς | ὡς τῆς ἀρτάβης ἑκά στης 8 , τ ὰς συν αγ ομ ένας ἀργ υρί ου | δραχμὰς",True,True,True,ME,,,,,,,πυρου,2.083333,αρταβασ,25,δραχμασ,27.63,no,PRICE,priceword_ext,0.6,,True,high,πυρου,12.0,artaba,8.0,drachma,"The phrase 'τιμῆς ... ὡς τῆς ἀρτάβης ἑκάστης 8' explicitly states a valuation rate of 8 drachmas per artaba for 12 artabas of wheat. The total amount 'ἐνενή' (ninety) is incomplete and potentially inconsistent with 12*8=96, indicating damage."
43,A_money,p.graux;3;30col3,keiner,Ptolemais Euergetis (Arsinoites),,,πυρου,"Πο | λέμωνος μερίδος εἰς τοὺς ὅρμους ἀπεργασίας γενή ματος 17 ἔτους Ἀντωνίνου | Καίσαρος τοῦ κυρίου πυροῦ ἀρτάβας 82 , κριθῆς ἀρτάβας 6 1/2 , τιμῆς τειμῆς ὡς τῆς ἀρτάβης τοῦ το | μὲν πυροῦ ἐκ δραχμῶν 8 , δ",True,True,True,TP,,,,,,,πυρου,82,αρταβασ,8,δραχμων,39.18,no,PRICE,"rate_construction,priceword_ext",0.8,,False,high,πυρου,,,,,"The passage explicitly mentions 'ὑπὲρ φορέτρων' (for freight charges) of wheat and barley. Freight fees are to be excluded as they are not a price for the grain itself, but for its transport."
44,A_money,sb;26;16551,Notizen zu Arbeiten an Dämmen,Arsinoites,0201,0250,κριθη,ντων ἔ ργα τῶν χωματικ ῶν χοματι κ ῶν | Σαπρίωνος ἕως αἵως 6 ἔργ α 12 | τούτων ἔλαβε αἴλαβη μέτρα 2 κριθῆ ς | χαλκοῦ δραχμὰς 8 ὁμοί ως κρι θῆς μέτρα 6 | | λόγος Τούρβονος ἕως αἵως 6 ἔργ α 4 | τούτων ἔλαβε,True,True,True,FP,,,,,,"Tax: χωματικῶν embankment work payments, barley as labor payment",,,,,,,,TAX,,,TAX,,,κριθη,,,,,
45,A_money,o.douch;2;132,Compte en espèces et en nature,Kysis (Oasis Magna),0301,0425,σιτου,| ἀργ υ ρ ίου | ὁ μ οί ως πάλιν ἀργυρ ίου τάλαντα 2000 | ὁμοί ως σίτου ἀρτάβη 1 1/2 | ὁμοί ως ὑπὲρ Λατο πολιτῶν μυρ ιάδες 200 | Λάτῳ ἐπιμελητῇ ἐπιμελι μυρ ιάδες 300 | | λ,True,True,True,FP,,,,,,Account: ἀργυρίου τάλαντα 2000... σίτου ἀρτάβη 1½ — separate items in list,σιτου,1.5,αρταβη,2000,ταλαντα,29.29,no,OTHER,,0.0,,False,high,σιτου,,,,,"The text lists various items, including a quantity of grain (1.5 artabas) and separate monetary amounts, but there is no explicit link or transactional expression connecting the grain to any specific price. The items are listed with 'likewise' (ὁμοίως), indicating separate entries rather than an exchange rate."
46,A_money,p.sarap;;79e,Comptes de dépenses au titre de l’impôt,Hermopolites,0127,0128,πυρου,Πα τεμ ί τ ης ἄνω ἀρτάβης 1 2/3 δραχμαὶ 13 2 | ναυβ ίου 5 ἔτους 3 5 | Πατε μ είτ ης κ ά τ ω τιμ ῆς πυροῦ ἀρταβῶν 2 δραχμαὶ 16 | ναυβ ίου 5 ἔτους 2 | ἀπ ο 5 ἔτους 1 2 | γε ωμε τρίας 5 ἔτους 5 χαλκοῖ 2 2 |,True,True,True,TP,,,,,,τιμῆς πυροῦ ἀρταβῶν 2 δραχμαὶ 16 — price of 2 artabas wheat = 16 drachmas (8 dr/art),πυρου,2,αρταβων,16,δραχμαι,32.88,no,OTHER,,0.0,,True,high,πυρου,10.0,artaba,80.0,drachma,The phrase 'τιμῆς πυροῦ' explicitly indicates a valuation of wheat. The entry 'ὑπὲρ Σοήρεως Ἀπολλωνίου ἀρτάβαι 10 δραχμαὶ 80' clearly links 10 artabas of wheat to 80 drachmas.
47,A_money,sb;8;9699,keiner,Hermopolites,,,πυρου,χμαὶ 8 | 5 Ἐπιμάχο υ εἰς δαπάνη ν ὀψία ς δραχμαὶ 4 | 12 Ἐπιμάχο υ ὁμοίως δ πι δραχμαὶ 4 | 13 τιμῆ ς πυροῦ ἀρταβῶν 6 ἐκ δραχμῶν 10 ἀργ υρίου δραχμαὶ 60 | 20 τιμῆ ς πυροῦ ἀρταβῶν 14 πεπραμένω ν κατὰ μ έρος Ἐ,True,True,True,TP,,,,,,"Price: same doc sb;8;9699, τιμῆς πυροῦ ἀρταβῶν 6 ἐκ δραχμῶν 10 + πεπραμένων sale",πυρου,6,αρταβων,10,δραχμων,46.76,yes,PRICE,"rate_construction,priceword_ext",0.8,,True,high,πυρου,6.0,artaba,60.0,drachma,"The phrase 'τιμῆς πυροῦ ἀρταβῶν 6 ἐκ δραχμῶν 10 ἀργυρίου δραχμαὶ 60' explicitly states the price (τιμή) of 6 artabas of wheat (πυροῦ) at 10 drachmas per artaba, totaling 60 drachmas of silver. The subsequent line also mentions 'πεπραμένων' (sold), confirming a sale context."
48,A_money,p.iand;7;138,Weizenlieferungen von Dörfern des Themistes - Bezirkes,Arsinoites,0101,0150,πυρου,υτέρειαν | διαδεχ ομένων πυροῦ ἀρτάβαι 87 1/2 το ύτ ων ἑκατοστῆς πυροῦ ἀρτάβη 1 1/3 1/24 | λοιπ ὸν πυροῦ ἀρτάβαι 86 1/8 δραχμαὶ 700,True,True,True,FP,,,,,,"ἑκατοστῆς πυροῦ — 1% tax on wheat, administrative context",πυρου,39.25,αρταβαι,0.25,δραχμαι,31.23,no,OTHER,,0.0,,True,high,πυρου,39.25,artaba,400.0,drachma,"The remaining quantity of wheat (λοιπὸν πυροῦ ἀρτάβαι 39 1/4) is directly followed by a monetary amount (δραχμαὶ 400), indicating its valuation in an account."
49,A_money,p.col;4;63,Daily Record of Receipts and Expenditures,Philadelphia? (Arsinoites),-0257-02-23,,σιτου,Μενελα ί δα ἀρ γυρίου δραχμὰς 12 | Ἐφέσωι εἰς ἐφημερίδα χαλ κοῦ δραχμὰς 4 4 | Σ ώσωι εἰς ἀγορασμὸν σίτου τοῦ Ἀ θ ρίβους ἀρ γυρίου δραχμὰς 256 | τ ῶι τορ ευτῆι εἰς τὸν φιμὸν τῆς μα χ α ίρας ἀργ υρίου δραχμ,True,False,True,FP,,,,,,"εἰς ἀγορασμὸν σίτου — money for purchasing grain, but no price rate stated",πυρωνι,,,20,δραχμασ,39.93,no,PRICE,priceword_ext,0.6,,False,high,σιτου,,,,,"The phrase 'κάτεργον σίτου ἀρταβῶν 4 τῶν ἀνενεχθεισῶν ... χαλκοῦ δραχμὴν 1' indicates an expenditure (κάτεργον) of 1 drachma for the 4 artabas of wheat that were transported (ἀνενεχθεισῶν). This is a freight or handling fee, not a sale price for the grain itself."
50,A_money,p.col;2;1r_4col7,"Receipts for payments by the state bank for services of transport, men and guards",Ptolemais Euergetis (Arsinoites),,,πυρου,δ ε | κα. γίνονται δραχμαὶ 112 . ἐσμὲν δέ· | Ἡρώιδης Διοσκόρου πυροῦ ἀρτάβας 3 . | Ὀρσεῦς καὶ Σώτας πυροῦ ἀρτάβας 3 1/2 1/3 1/24 . | Ε ορος ὁ κ αὶ Σώτας πυροῦ ἀρτάβης 1/24 . | Ὧ ρ ο ς Ἀπολλωνίου πυροῦ ἀρτά,True,True,True,FP,,,,,,"Transport: list of persons and grain amounts, no price linkage",,,,,,,,TRANSPORT,,,TRANSPORT,False,high,πυρου,,,,,"The text mentions 'ὑπὲρ φορέτρου πυροῦ' (for the freight of wheat), indicating a transportation fee for grain, not a sale or valuation price of the grain itself."
51,A_money,p.tebt;1;61b,Report on the Crops at Kerkeosiris,Kerkeosiris (Arsinoites),-0117-03,-0117-04,πυρου,"πυροῦ 8 , χαλκοῦ 2 1/2 ?. | τῆς ἐν τῶι 30 ἔτει 20 ἀνὰ 4 ι 1/2 1/3 1/12 96 1/2 , ὧν πυροῦ ὀλύ ρας αἳ πυροῦ 10 , χαλκοῦ | τῆς ἐν τῶι 2 ἔτει ἀρτάβαι ὧν πυροῦ 14 κρ ι θ ῆ ς αἳ | πυρο ῦ 14 1/3 1/12 , | ὀλύ ρα ς",True,True,True,FP,,,,,,,πυρου,225,αρταβαι,24.5,χαλκου,25.01,no,OTHER,,0.0,,False,high,πυρου,,,,,"The passage lists quantities of various grains (wheat, barley, spelt) and 'χαλκοῦ' (bronze/copper), often expressed as equivalents to wheat (αἳ πυροῦ). There is no monetary unit explicitly linked to the grain quantities in a transactional or valuation context."
52,A_money,stud.pal;20;75,keiner,Hermopolites,0301,0400,σιτου,λαντα 66 δραχμαὶ 4000 | κριθῆς εἰς τὴν ἀννώνα ν ἀννώνα τοῦ ἡγεμό | νος ἀρτάβαι 25 10 5 τάλαντα 375 | σίτου ὁμοί ω ς ἀρτάβαι 10 ἐκ ταλάντων δραχμῶν 30 τάλαντα 300 . | ταῦτα πάντα προέχρησα καὶ | ἐδανεισάμην,True,True,True,ME,,,,,,"σίτου... ἀρτάβαι 10 ἐκ ταλάντων δραχμῶν 30 τάλαντα 300 — rate construction for annona grain, but values present",,,,,,,,,,,,True,medium,σιτου,10.0,artaba,300.0,talent,"The text explicitly states 'σίτου ... ἀρτάβαι 10 ... τάλαντα 300', indicating 10 artabas of wheat are valued at 300 talents. This is a valuation, likely for annona given the preceding entry for barley. The phrase 'ἐκ ταλάντων δραχμῶν 30' is ambiguous and does not provide a clear, consistent unit price for the grain."
53,A_money,bgu;20;2840,Amtliche Korrespondenz über Kornlieferung für Soldaten,Herakleopolites,,,πυρου,ς 10 ἄ λλ οις ὧν 192 τάλαντα 5 πυροῦ ἀρτάβας χ | πυροῦ ἀρτάβας 703 1/2 κ αὶ εἰς Π αυν ι τάλαντα 5 Β πυροῦ ἀρτάβας 703 1/2 γίνονται τάλαντα 10 4013 3 πυροῦ ἀρτάβαι 1406 | α ἐν τ ῇ ι 2 ἐν τ ῶ ι βα σιλικῶι μη,True,True,True,FP,,,,,,"Large-scale grain account: thousands of artabas + talents, administrative",πυρου,889,αρταβαι,19,ταλαντα,29.46,no,OTHER,,0.0,,False,high,πυρου,,,,,"The passage mentions quantities of wheat (πυροῦ ἀρτάβας) and a deduction, but no monetary amounts or terms indicating a price, sale, or valuation are present."
54,A_money,sb;26;16460,Fragment eines Tempelinventars (γραφὴ ἱερέων καὶ χειρισμοῦ),Tebtynis (Arsinoites),0107,0108,πυρου,ῖς ἁγνεύουσι κ ατὰ μῆν α | φακοῦ ἀρτάβαι 1/2 1/4 τοῦ ἐνιαυτοῦ ἀρτάβαι 9 . γίνονται δραχμαὶ 1744 καὶ πυροῦ ἀρτάβαι 216 1/2 καὶ φακοῦ ἀρτάβαι 9 α ἱ λ οιπ αὶ πᾶσιν το ῖ ς θεοῖς | ων ὡς πρόκειται πρόκιται τοῖς,True,True,True,FP,,,,,,,πυρου,44.5,αρταβαι,68,δραχμαι,41.68,yes,PRICE,priceword_ext,0.6,,False,high,πυρου,,,,,"The text mentions drachmas for aromatics (τιμῆς ἀρωμάτων) and quantities of wheat (πυροῦ ἀρτάβαι) distributed to priests and those purifying, but no monetary value is linked to the grain."
55,A_money,p.tebt;1;72,Report on the Crops at Kerkeosiris,Kerkeosiris (Arsinoites),-0113-03,-0113-04,πυρου,"ι ἐμβρόχου 172 1/2 ι 1/4 ἀρτάβαι 926 2/3 , | ὧν πυροῦ 651 1/12 κρι θῆς αἳ πυροῦ 14 1 1/2 ὀλ ύρας αἳ πυροῦ 89 1/2 1/3 1/12 | χαλκοῦ 44 1/6 . | κεχερσευμένης τῆς ἀπὸ τοῦ 30 ἔτους ἀ πὸ τ ῆ ς | πρότερον ἀναγρα",True,True,True,FP,,,,,,Tax register p.tebt;1;72: land tax grain assessment,πυρου,167.5,αρταβαι,166,χαλκου,33.26,no,OTHER,,0.0,,False,high,πυρου,,,,,"The passage details quantities of wheat (πυροῦ) and another commodity (χαλκοῦ, likely a type or quality of grain, not money) in artabas, possibly related to a yield or distribution. There is no mention of currency or any transactional terms indicating a price."
56,A_money,o.bodl;2;1828,keiner,Theben,0101,0200,πυρου,ὲρ Πετεμ γό μοι 4 | γίνονται γό μοι 11 λο ιποὶ γό μοι 39 . ||| | ἔτους Φαῶ φι 3 δραχμαὶ 20 | ἄλ λη πυροῦ ἀρτάβη 1 | ἄλ λη πυροῦ ἀρτάβη 1 | ἄλ λαι πυροῦ ἀρ τάβαι 2 .,True,True,True,FP,,,,,,"Account: δραχμαὶ 20 and πυροῦ ἀρτάβη 1 listed separately, no price rate",πυρου,1,αρταβη,20,δραχμαι,27.83,no,OTHER,,0.0,,False,high,πυρου,,,,,"The text lists a monetary amount (20 drachmas) and then, separately, quantities of wheat (4 artabas total). There is no explicit transactional link (e.g., 'price of', 'for', 'rate') connecting the money to the grain."
57,A_money,p.louvre;2;103,Verwaltungsdokument,Arsinoites (?),0001,0200,πυρου,| λ ο ιπ αὶ Σισόιτος 4 ἔτους πυροῦ ἀρτάβαι 50 1/2 | γίνονται λοιπ αὶ Σισόιτο ς 1 ἔτους καὶ 4 ἔτους πυροῦ ἀρτάβαι . | Σοκομῆνι ς Ἡρακλείου 4 ἔτους πυροῦ χαλκ ῶι ἀρτάβαι 80 1/2 1/6 | εἰς ἃς μεμετρῆσθαι | ve,True,True,True,FP,,,,,,Account: grain quantities listed (πυροῦ ἀρτάβαι 50½) but no price linkage,πυρου,14.5,αρταβαι,4,δραχμων,38.5,no,PRICE,rate_construction,0.8,,True,high,πυρου,1.0,artaba,4.0,drachma,"The phrase 'φακοῦ ἀρτάβαι 14 1/2 ἐκ δραχμῶν 4' explicitly states a rate of 4 drachmas per artaba for lentils. While the total calculation is damaged, the unit price is clear."
58,A_money,p.david;;1,Inventar und Einkünfte eines ägyptischen Tempels,Soknopaiu Nesos (Arsinoites),0138,,πυρινοι,"| ἱερὸ ν Ἴσιδος Εἴσιδος Νεφρέμμιδος θεᾶς μεγίστης ἐν ᾧ | ἀνδριάντες λίθινοι 3 καὶ λυχνία χ αλκῆ, | πύρινοι χαλκοῖ 2 , σά λ πινγες χα λκα ῖ 3 π αρα | ι ερει ο ||| | γραφὴ ἱερέων κα ὶ μ ετὰ τὸ κατʼ ἄνδρα· | ὑ",True,False,True,FP,,,,,,"πύρινοι χαλκοῖ — bronze fire implements (πύρινος adj), not grain (πυρός)",,,,,,,,,,,,,,πυρινοι,,,,,
59,A_money,p.sarap;;79e,Comptes de dépenses au titre de l’impôt,Hermopolites,0127,0128,πυρου,ς ρ δ 2 | 2 χαλκοῖ 2 2 | δ 4 δ προ σδιαγραφόμενα 2 χαλκοῖ 2 2 | γίνονται 11 2 1/2 | δραχμαὶ 382 4 | πυροῦ ἔτους ὑ π ὲρ | ρ ἀρτάβαι 8 δραχμαὶ 64 | κο ἀρτάβαι 4 δραχμαὶ 32 | Πά τ ρη ὑ π ὲρ ἀρτάβαι 4 δραχμαὶ,True,True,True,TP,,,,,,"p.sarap;;79e: πυροῦ... ἀρτάβαι 8 δραχμαὶ 64 — 8 artabas = 64 drachmas (8 dr/art), tax payment context but with rate",πυρου,2,αρταβων,16,δραχμαι,32.88,no,OTHER,,0.0,,True,high,πυρου,10.0,artaba,80.0,drachma,The phrase 'τιμῆς πυροῦ' explicitly indicates a valuation of wheat. The entry 'ὑπὲρ Σοήρεως Ἀπολλωνίου ἀρτάβαι 10 δραχμαὶ 80' clearly links 10 artabas of wheat to 80 drachmas.
60,A_money,p.berl.frisk;;1,Bankakten aus dem Faijûm,Ptolemais Euergetis (Arsinoites),,,πυρου,"νος μερίδ ος εἰς τοὺς | ὅρμους γενή ματος 17 ἔτους πυροῦ ἀρτάβας 2 1/12 , κριθ ῆς | , τιμῆς τοῦ μὲν πυροῦ ὡς τῆς ἀρτάβης | ἑκά στης 8 , τὰς συν αγομ ένας ἀργυ ρίου δραχμ ὰς | 16 4 , τῆς δὲ κριθῆς ὡς τῶν |",True,True,True,ME,,,,,,,πυρου,2.083333,αρταβασ,25,δραχμασ,27.63,no,PRICE,priceword_ext,0.6,,True,high,πυρου,12.0,artaba,8.0,drachma,"The phrase 'τιμῆς ... ὡς τῆς ἀρτάβης ἑκάστης 8' explicitly states a valuation rate of 8 drachmas per artaba for 12 artabas of wheat. The total amount 'ἐνενή' (ninety) is incomplete and potentially inconsistent with 12*8=96, indicating damage."
61,A_money,p.wash.univ;2;91,Private Account,Oxyrhynchos,0201,0300,πυρου,| Σ ερήνῳ Ταπιτᾶ δραχμαὶ 20 4 | Ἀντωνίᾳ ρ δευτέρᾳ 4 | 19 Κοπρῇ Ὡρείων ος δραχμαὶ 20 ὧν λή μματος | πυροῦ ἀρταβῶν 28 δραχμαὶ 2 χ 3 δραχμαὶ 8 γίνονται δραχμαὶ 10 | |,True,True,True,BORDER,,,,,,πυροῦ ἀρταβῶν 28 δραχμαὶ 2 — grain and money in receipt but relationship unclear,,,,,,,,,,,,True,high,πυρου,28.0,artaba,10.0,drachma,"The phrase 'ὧν λήμματος' (of which income) introduces a receipt. 'πυροῦ ἀρταβῶν 28' (28 artabas of wheat) is followed by a calculation 'δραχμαὶ 2 χ 3 δραχμαὶ 8 γίνονται δραχμαὶ 10' (2 drachmas x 3, 8 drachmas, total 10 drachmas). This indicates that the 10 drachmas represent the monetary value received for the 28 artabas of wheat."
62,A_money,p.petr;3;109,Military Taxes,Arsinoites,-0248-11-01,,πυρου,23 2 πυροῦ 3 | τοῦ 37 ἔτους χωματι κὸν | ἁλικῆς δραχμὰς | ἐ ν νόμιον σὺν φυ λακιτικῶι | φυλακιτικὸν πυροῦ 3 | γίνονται δραχμαὶ 122 πυροῦ 6 | τ οῦ 38 ἔτους χωματι κὸν δραχμὰς 16 | ἁλικῆς δραχμὰς 11 | φυλακ,True,False,True,FP,,,,,,,πυρου,,,18,δραχμαι,25.05,no,OTHER,,0.0,,True,high,πυρου,15.0,artaba,150.67,drachma,"The phrase 'δραχμαὶ 150 4 κριθῆς ἀρτάβας 15' explicitly links 15 artabas of barley to 150 drachmas and 4 obols (150 + 4/6 drachmas), indicating a price."
63,A_nomoney,sb;18;13763,Abrechnung über Tempelausgaben,Arsinoites,,,πυρου,| μ εν μ α | σ π ονδῇ βουλ όμ εθ α | α δ ρά γμ ατα στα χύω ν ν όμους | β πυροῦ ἀρτάβας 3 αἳ συναγό μεναι πυροῦ ἀρτάβαι 24 ἐ κ ὧ ν | α ς εἰς λόγον οὗ προνοοῦμεν Ἰσιήου | ἀν αλίσκο,False,True,True,FP,,,,,,"Temple/religious: σπονδῇ libation context, grain for temple provisions",πυρου,22.625,αρταβαι,108,δραχμαι,32.88,no,OTHER,,0.0,,,,πυρου,,,,,
64,A_nomoney,bgu;16;2577r,Tax List,Herakleopolis,-0030,0014,πυρων,υώτης Διο 1 | Πετεχ ῶ ν Καθα 2 | υἱὸς Ταστόρμου 2 | Ἄδρα στος Ἡρακλέων ος 2 | υεἱὸς 2 | Ἀμύντας 1 | Πύρων χαλ κεὺς 2 | ἀδελφὸς 1 | Ἆπις ὀνηλά της 2 | υεἱὸς | υεἱὸς Ἀμεννεῦς 1 | Σωτήριχος Πρι ρις 2 | υἱὸς Λ,False,False,True,FP,,,,,,,πυρων,,,4,χαλκευσ,26.01,no,OTHER,,0.0,,,,πυρων,,,,,
65,A_nomoney,p.oslo;3;112,"Document concerning Public Cultivators, including a Tax Account",unbekannt,0025,0026,πυρου,φ ακοῦ 19 1/4 | Ψεναμοῦ ν Ψενατύ μιος πυροῦ ἀρτάβαι 76 1/2 1/12 | φακοῦ 54 1/2 | Μαρρῆς Ἰσχυρίω νος πυροῦ ἀρτάβαι 33 | φακοῦ 6 1/2 1/12 | Μαρρῆς Πετεσούχ ου πυροῦ ἀρτάβαι 67 1/2 | φακοῦ 28 1/2 1/4 | Πετεσο,False,True,True,FP,,,,,,"Grain account: list of persons and their grain quantities, no price",πυρου,913,αρταβαι,5,δραχμασ,29.67,no,OTHER,,0.0,,False,high,πυρου,,,,,"The text lists quantities of wheat and lentils associated with individuals, likely in an accounting context for 'public farmers'. There is no mention of any monetary unit or price-related terminology."
66,A_nomoney,p.rain.unterricht;;101,keiner,Herakleopolites,0401,0600,σιτοκριθου,ως ἐ ν σπέρμα χόρ τῳ ἑκάσ της ἀρούρης 5 3/4 ββ ρε 40 1/4 1/40 1/70 οὕτως οὕτως νο μισμάτια 4 | τοῦ σιτοκρίθου τῆς 5 ἰνδικ τίωνος ὥστε εξαργυρισ μ ἐν παιδ φ φ φανεραῖς τῶν αὐτ rest of the line has been rubbed o,False,False,True,BORDER,,,,,,"σιτοκρίθου — mixed grain, damaged text, rate context but values unclear",πυρ,,,1,δραχμησ,46.78,no,PRICE,rate_construction,0.8,TRANSPORT,True,high,σιτοκριθου,,,4.0,nomisma,"The phrase 'νο μισμάτια 4 τοῦ σιτοκρίθου ὥστε εξαργυρισμόν' explicitly links 4 nomismata to sitokrithon, indicating its monetization or valuation, despite the lack of an explicit quantity unit."
67,A_nomoney,p.graux;3;30col3,keiner,Ptolemais Euergetis (Arsinoites),,,πυρου,"τὰ κατὰ τὴν | στρα τηγίαν Θεμίστου καὶ Πολέμωνος μερίδων, ἃς ᾐτησάμεθα ἐπισταλῆναι, | ὑπὲρ φορέτρων πυροῦ καὶ κριθῆς ὧν κατήξαμεν ἀπὸ θησαυρῶν Πο | λέμωνος μερίδος εἰς τοὺς ὅρμους ἀπεργασίας γενή ματος 17",False,False,True,TP,,,,,,,πυρου,82,αρταβασ,8,δραχμων,39.18,no,PRICE,"rate_construction,priceword_ext",0.8,,False,high,πυρου,,,,,"The passage explicitly mentions 'ὑπὲρ φορέτρων' (for freight charges) of wheat and barley. Freight fees are to be excluded as they are not a price for the grain itself, but for its transport."
68,A_nomoney,p.erl;;101,Guts - Rechnung,Oxyrhynchites,0269,0270,πυρου,| λόγ ος λημμά των καὶ ἀναλ ωμάτων πυροῦ | τοῦ ἐ νεστῶτος 2 ἔτους Κλαυδίου | ν ι 30 λό γος 5 1/2 ἀρτάβαι 65 | π αρὰ ἀμπ ελ ωρ γου ιος ἀρτάβα,False,True,True,FP,,,,,,"λόγος λημμάτων καὶ ἀναλωμάτων — account of receipts/expenditures, no explicit price",πυρου,1,αρταβη,24,δραχμων,40.86,no,PRICE,rate_construction,0.4,,False,high,πυρου,,,,,"The text is an 'account of receipts and expenditures of wheat' (λόγος λημμάτων καὶ ἀναλωμάτων πυροῦ). It lists quantities of wheat (ἀρτάβαι 65, ἀρτάβα) but does not associate any monetary value with these quantities. It describes grain movement, not a price."
69,A_nomoney,p.sarap;;74,Comptes d’artabes,Hermopolites,0090,0133,πυρου,| σι πυροῦ ἀρτάβαι 3 1/2 | Θ α τρῆ τι | πρά σ εω ς α | Ἁθὺρ | 5 Πατερμ ούθι πυροῦ ἀρτάβης 1/3 | Πετεχ ῶντι Φ α,False,True,True,ME,,,,,,,πυρου,1,αρταβησ,4,δραχμαι,29.46,no,OTHER,,0.0,,False,high,πυρου,,,,,"The text mentions quantities of wheat (πυροῦ ἀρτάβαι) and the word 'πράσεως' (of sale), indicating a transaction type. However, no monetary amount is associated with these quantities, so it does not constitute a grain price."
70,A_nomoney,sb;26;16459,Fragment eines Tempelinventars (γραφὴ ἱερέων καὶ χειρισμοῦ),Tebtynis (Arsinoites),0107,0108,πυρου,τάβαι 30 Βερνικί δος θεσμοφόρου πυροῦ ἀρτάβαι 6 Καλλιφάνους ἐποικ ίου πυροῦ ἀρτάβαι | κ κη λ κα ι τ πυροῦ ἀρτάβαι Κερκήσεως πυροῦ ἀρτάβαι 20 ἃς οὔσας πυροῦ ἀρτάβας 216 1/2 | διὰ πρεσβυτέρων ἱερέων τ οῦ ἐν,False,True,True,FP,,,,,,"Temple grain distribution list, no price transaction",πυρου,1,αρταβαι,18,δραχμαι,28.89,yes,PRICE,priceword_ext,0.6,,False,high,πυρου,,,,,"The text lists quantities of wheat (πυροῦ ἀρτάβαι) associated with individuals or places, but there is no mention of any monetary amount or any term indicating a price, sale, or valuation."
71,A_nomoney,sb;18;13763,Abrechnung über Tempelausgaben,Arsinoites,,,πυρου,ν μ α | σ π ονδῇ βουλ όμ εθ α | α δ ρά γμ ατα στα χύω ν ν όμους | β πυροῦ ἀρτάβας 3 αἳ συναγό μεναι πυροῦ ἀρτάβαι 24 ἐ κ ὧ ν | α ς εἰς λόγον οὗ προνοοῦμεν Ἰσιήου | ἀν αλίσκο μ εν τ τοῦ ὄντος ἐν Κ υν ῶ ν πό,False,True,True,FP,,,,,,"Same as ID=63, temple provisions context",πυρου,22.625,αρταβαι,108,δραχμαι,32.88,no,OTHER,,0.0,,,,πυρου,,,,,
72,A_nomoney,p.oslo;3;112,"Document concerning Public Cultivators, including a Tax Account",unbekannt,0025,0026,πυρου,2 1/12 | φακοῦ 54 1/2 | Μαρρῆς Ἰσχυρίω νος πυροῦ ἀρτάβαι 33 | φακοῦ 6 1/2 1/12 | Μαρρῆς Πετεσούχ ου πυροῦ ἀρτάβαι 67 1/2 | φακοῦ 28 1/2 1/4 | Πετεσοῦχ ος Π αχο πυροῦ ἀρτάβαι 65 1/2 | φακοῦ 14 1/2 | Ἀραβίων,False,True,True,FP,,,,,,"Same doc as 65 (p.oslo;3;112), grain quantity list",πυρου,913,αρταβαι,5,δραχμασ,29.67,no,OTHER,,0.0,,False,high,πυρου,,,,,"The text lists quantities of wheat and lentils associated with individuals, likely in an accounting context for 'public farmers'. There is no mention of any monetary unit or price-related terminology."
73,A_nomoney,p.princ;2;54,Wage Account,unbekannt,0001,0025,πυρου,| Ἁρ μίεις | | ευ | Ἁθὺρ ι | Ἁρ μίεις Ὡρ ίων ος πυροῦ ἀρτάβας 2 | Ἐ σοῦρ ις Ὡρίων ος πυροῦ ἀρτάβας 2 | Ἀθ η ν ώτω ρος Καρ ι πυροῦ ἀρτάβας 2 | Μυσ θᾶς Βα λανί ου εἰ ς | Φ α ῶφι καὶ Ἁθὺρ πυροῦ,False,True,True,FP,,,,,,,πυρου,94.75,αρταβασ,0.25,χαλκω,31.01,no,OTHER,,0.0,,False,high,πυρου,,,,,"The passage lists individuals and quantities of wheat (πυροῦ ἀρτάβας 2) associated with them, possibly a record of distribution or receipt. However, there is no mention of any monetary unit or transactional language (e.g., price, sale, valuation) linking the grain to a monetary value."
74,A_nomoney,p.prag.varcl;NS;6,Rechnungsrollen des Heroneinos,Theadelphia (Arsinoites),0260-11-27,0260-12-26,πυρου,ῦ αὐ τοῦ μηνὸς πυροῦ ἀρτάβαι | 187 μ έτρα 4 χοί νικες 2 | ὧν ἀναλ ώματος · ὀψωνίων· | ἐμοὶ Ἡρωνείνῳ πυροῦ ἀρτάβη 1 | Κα τις ὀνηλάτης πυροῦ ἀρτάβη 1 | Πωλίων ταυρηλάτης πυροῦ ἀρτάβη 1 | Κιάπις ὀνηλάτης πυρο,False,True,True,FP,,,,,,"Heroninos archive: ὀψωνίων rations to workers, not market price",πυρου,13,αρταβων,18,δραχμων,42.72,no,PRICE,"receipt_price,rate_construction,priceword_ext",0.8,,True,high,πυρου,13.0,artaba,12.0,drachma,"Explicit mention of 'ἀπὸ τιμῆς πυροῦ' (from the price of wheat) for 13 artabas, with a clear rate 'ὡς τῆς ἀρτάβης ἐκ δραχμῶν 12' (at 12 drachmas per artaba)."
75,A_nomoney,p.tebt;1;70,Report of the Corps of Crown Land,Kerkeosiris (Arsinoites),,,πυρου,ο μένου | ἐξ εἰκα σίας τῆ ς πυρῶι 51 1/2 1/3 1/12 | αἱ λοιπαὶ κριθῆι 360 . ||| | α ἀφʼ ὧν εἰς τὴν | πυροῦ 27 1/2 ἀν ὰ 3 | 82 1/2 | ἄρουραι 86 1/2 1/4 | ἀρτάβαι 329 | ἀρτάβαι 18 1/3 λο ιπαὶ 311 ||| | φακῶι,False,True,True,FP,,,,,,"Tax: same p.tebt;1;70, εἰκασίας estimation, ἐκφόρια rent-in-kind",,,,,,,,TAX,,,TAX,False,high,πυρου,,,,,"The passage lists quantities of various grains (wheat, barley, spelt) as 'γενισμὸς' (produce/yield) from a 'ὑποθήκης' (mortgage/pledge), followed by 'χαλκοῦ 20' (20 units of copper). There is no explicit transactional language (e.g., 'price of', 'sold for') linking the copper amount to the grain quantities as a price."
76,A_nomoney,o.petr.mus;;282,Ricevuta di τιμὴ πυροῦ ἀρταβῶν διοικήσεως,Koptos,,,πυρου,| διαγεγρά φασι διαγ έγ ρα φε διὰ τῆς Ἑρμ ίου τρα πέζης ὑπ ὲρ τιμ ῆς | πυροῦ ἀρταβῶν πυροῦ διο ικήσεως 25 ἔτους κάτω τοπ αρχίας | Ἡραῖσκ ος Ἡ ρ αῆ σκ ος ηιδησκ Ἁρ υώθ ου καὶ Πε,False,True,True,TP,,,,,,"τιμῆς πυροῦ — price of wheat, paid through bank (τραπέζης)",πυρου,7.166667,αρταβων,0.166667,δραχμασ,29.59,no,OTHER,,0.0,,False,high,πυρου,,,,,"The phrase 'ὑπὲρ τιμῆς πυροῦ ἀρταβῶν' indicates a payment made 'on account of the price of artabas of wheat'. While it mentions the commodity (wheat) and quantity unit (artabas), and implies a price was involved, the actual monetary value (e.g., drachmas) for the grain is not stated in this excerpt. Therefore, it does not contain an explicit grain price observation."
77,A_nomoney,sb;20;14197,Entwurf einer Monatsabrechnung aus dem Heroninos - Archiv,Theadelphia (Arsinoites),0256-05-26,0256-06-24,σιτον,λᾶ δεσ μάτια 10 | 9 ὄνοι 8 χορτηγ οῦντες ἐν τῇ βασ ιλικῇ γ ῇ δεσ μάτια 80 | 10 ὄνοι 8 σακ κηγοῦντες σῖτον ἐν τοῖς Ὄγμοις δεσ μάτια 80 | 11 ὄνοι 4 χορτ ηγοῦντες ἐν τῇ βασ ιλικῇ γ ῇ δεσ μάτια 80 | ἄλ λοι 4 σ,False,False,True,FP,,,,,,"σῖτον ἐν τοῖς Ὄγμοις — donkeys carrying grain at threshing floors, not price",πυρου,13,αρταβων,28,δραχμαι,35.18,yes,PRICE,"receipt_price,rate_construction,priceword_ext,sale_verb",0.8,,False,high,σιτον,,,,,"The passage describes donkeys carrying grain (σῖτον) in sacks and also mentions '80 bundles' (δεσμάτια 80), which likely refers to fodder for the donkeys or a measure of their work. There is no monetary value or exchange rate associated with the grain."
78,A_nomoney,p.princ;2;54,Wage Account,unbekannt,0001,0025,πυρου,βαι 10 | Μεχίρ | Ἁρμίες Ὡρίων ος πυροῦ ἀρτάβαι 2 | Ἐσ οῦρι ς Ὡρίων ος πυροῦ ἀρτάβας 2 | Ἀ θηνώτωρος πυροῦ ἀρτάβας 2 | Μυ σθᾶς Βαλανί ου πυροῦ ἀρτάβας 2 | γίνονται πυροῦ ἀρτάβαι 8 | Φα μεν ώθ | Ἁρμ ί εις Ὡρ,False,True,True,FP,,,,,,,πυρου,94.75,αρταβασ,0.25,χαλκω,31.01,no,OTHER,,0.0,,False,high,πυρου,,,,,"The passage lists individuals and quantities of wheat (πυροῦ ἀρτάβας 2) associated with them, possibly a record of distribution or receipt. However, there is no mention of any monetary unit or transactional language (e.g., price, sale, valuation) linking the grain to a monetary value."
79,A_nomoney,p.princ;2;54,Wage Account,unbekannt,0001,0025,πυρου,ρτάβας 2 | Ἁ ρ μί α ς Ὡρίων ος πυροῦ ἀρτάβας 2 | Ἀθηνώτωρος Καρι πυροῦ ἀρτάβας 2 | Μυσθᾶς Βαλανί ου πυροῦ ἀρτάβας 2 | Ὡρίων λόγῳ λωγ πο π ω τισμοῦ πυροῦ ἀρτάβας 2 | γίνονται πυροῦ ἀρτάβαι 10 | Μεχίρ | Ἁρμί,False,True,True,FP,,,,,,,πυρου,94.75,αρταβασ,0.25,χαλκω,31.01,no,OTHER,,0.0,,False,high,πυρου,,,,,"The passage lists individuals and quantities of wheat (πυροῦ ἀρτάβας 2) associated with them, possibly a record of distribution or receipt. However, there is no mention of any monetary unit or transactional language (e.g., price, sale, valuation) linking the grain to a monetary value."
80,A_nomoney,p.graux;3;30col3,keiner,Ptolemais Euergetis (Arsinoites),,,κριθ,"1/24 , Ἥρων καὶ Πασίων ἀρτάβας 6 1/3 1/8 κριθ ῆς ἀρτάβης 1/2 1/24 , Π ε ις καὶ Ἥρων ἀρτάβας 6 1/6 | κριθ ῆς ἀρτάβης 1/2 1/24 , Αὐνῆς καὶ Νεῖλος Νῖλος ἀρτάβας 6 1/2 1/3 κριθ ῆς ἀρτάβης 1/2 1/24 , Τεσενοῦφι",False,True,True,FP,,,,,,"Same as ID=14, list of persons with grain contributions",κριθησ,6.5,αρταβασ,8,δραχμων,37.28,no,PRICE,"rate_construction,priceword_ext",0.8,,False,high,κριθ,,,,,"The text lists a total amount in drachmas, followed by a separate enumeration of individuals and their respective quantities of barley. There is no explicit transactional or rate expression linking the drachmas to the barley as a price."
81,A_nomoney,p.oxy;63;4356,Fragment of Register of Land and Rents,Oxyrhynchos,0201,0300,πυρου,"ρτῳ ἄρουραι 3 1/4 , ἀβρόχ ου καὶ ἀσ π όρου κατὰ | συμφωνίαν συνφωνίαν γενομ ένην τῷ διελ θόντι ἔτει πυροῦ |",False,False,True,FP,,,,,,Tax: κατὰ συμφωνίαν agreement about wheat in land context,,,,,,,,TAX,,,TAX,False,high,πυρου,,,,,"The passage describes a debt for rent (ἐκφορίων) for land, specifying a payment rate of 5 artabas of wheat and 40 drachmas per 4 arourae. This is a composite rent payment for land, not a direct price for wheat itself."
82,A_nomoney,sb;20;14197,Entwurf einer Monatsabrechnung aus dem Heroninos - Archiv,Theadelphia (Arsinoites),0256-05-26,0256-06-24,κριθησ,ἐφʼ ἡμέρας 5 ζεύγ η 7 ἄρτ ος 1 | λοιπ ὸν ἀπόκ ειται ζεύγ η 26 16 γίνονται ἀναλ ώματος 47 ἄρτ ος 1 | κριθῆς· περιεγένετο ἀπὸ κλή ρου Γλω σσ οκομ ἀρουρῶν 7 ἀρτάβαι 71 1/2 | αἱ οὖσαι μέτρῳ τετραχοι νίκῳ ἀρτάβα,False,True,True,FP,,,,,,"κριθῆς account from estate (Heroninos), harvest yield not price",πυρου,13,αρταβων,28,δραχμαι,35.18,yes,PRICE,"receipt_price,rate_construction,priceword_ext,sale_verb",0.8,,False,high,κριθησ,,,,,"The text details quantities of grain (barley, wheat) as expenditures (ἀναλώματος), deposits (ἀπόκειται), or amounts received/produced (περιεγένετο, γεν). There is no mention of any monetary unit linked to these grain quantities, nor any transactional or valuation terms."
83,A_nomoney,p.tebt;1;70,Report of the Corps of Crown Land,Kerkeosiris (Arsinoites),,,πυρου,"ἔτει | γῆς ἄρουραι 1263 1/16 ὧν ἐκφόριον 46 53 1/12 , 78 1/12 | ὧν γενισμὸς ἐκ ἐγ μὲν τῆς ὑποθή κης πυροῦ 1663 2/3 38 2/3 vestiges , | κ ριθῆς αἳ πυροῦ 287 7 1/4 , ὀλύ ρας αἳ πυροῦ 97 1/2 1/4 , χα λκοῦ 20",False,False,True,FP,,,,,,"Tax: p.tebt;1;70, ἐκφόριον rent paid in kind",,,,,,,,TAX,,,TAX,False,high,πυρου,,,,,"The passage lists quantities of various grains (wheat, barley, spelt) as 'γενισμὸς' (produce/yield) from a 'ὑποθήκης' (mortgage/pledge), followed by 'χαλκοῦ 20' (20 units of copper). There is no explicit transactional language (e.g., 'price of', 'sold for') linking the copper amount to the grain quantities as a price."
84,A_nomoney,p.oslo;3;112,"Document concerning Public Cultivators, including a Tax Account",unbekannt,0025,0026,πυρου,2 | φακοῦ 14 1/2 | Ἀραβίων Ἀμμωνίου πυροῦ ἀρτάβαι 68 1/2 | φακοῦ 20 1/6 | Τοθοῆς πρε σβύτερος Ἀμ ψο πυροῦ ἀρτάβαι 109 | φακοῦ 25 1/3 | Ψεναμοῦ ν Πετεσούχ ου πυροῦ ἀρτάβαι | καὶ Πνεφερῶς Κεφα πυροῦ ἀρτάβαι,False,True,True,FP,,,,,,"Same doc as 65/72 (p.oslo;3;112), grain quantity list",πυρου,913,αρταβαι,5,δραχμασ,29.67,no,OTHER,,0.0,,False,high,πυρου,,,,,"The text lists quantities of wheat and lentils associated with individuals, likely in an accounting context for 'public farmers'. There is no mention of any monetary unit or price-related terminology."
85,A_nomoney,sb;26;16459,Fragment eines Tempelinventars (γραφὴ ἱερέων καὶ χειρισμοῦ),Tebtynis (Arsinoites),0107,0108,πυρου,ροφῆς πυροῦ ἀρτάβαι | κω μασί ας Σ οκνεπτύ ν εως τοῦ καὶ Κρ ό νο υ ἡμερῶ ν 36 ἀντὶ πυροῦ ἀρταβῶν 89 πυροῦ ἀρτάβαι 1/2 βυσσουργῷ βυσορκῷ στολισμάτων | καὶ εἰς τροφὴν αὐ τοῖς πυροῦ ἀρτάβαι 2 μισθ οῦ αὐτοῖς δ,False,True,True,FP,,,,,,"Temple: ἀντὶ πυροῦ ἀρταβῶν — grain for temple service, rations/stipend",πυρου,1,αρταβαι,18,δραχμαι,28.89,yes,PRICE,priceword_ext,0.6,,False,high,πυρου,,,,,"The text lists quantities of wheat (πυροῦ ἀρτάβαι) associated with individuals or places, but there is no mention of any monetary amount or any term indicating a price, sale, or valuation."
86,A_nomoney,p.lille;1;53,Frais de transport de l’ ἀγοραστὸς σῖτος,Ghoran (Arsinoites),-0300,-0201,σιτολογον,τοῦ στρατηγοῦ καὶ τῶν ἡγεμόνων | τοῦ μετρουμένου σίτου ἀπὸ τῆς 23 τοῦ Μεσορὴ προσ | κομίζεσθαι τὸν σιτολόγον καὶ τὸ φόρετρον τὸ γινόμενον. | τῶν οὖν γραφο μ ένων σο ι συ μβόλων τῶν μεμετρη | κότων ἀ πὸ τῆς 23,False,True,True,FP,,,,,,σιτολόγον grain tax collector + φόρετρον freight in administrative context,σιτου,100,αρταβων,3,δραχμασ,34.0,no,PRICE,priceword_ext,0.6,"ADMIN,TRANSPORT",False,high,σιτολογον,,,,,"The passage mentions 'measured grain' (μετρουμένου σίτου) and 'freight fee' (φόρετρον), but no monetary amount is linked to the grain itself as a price or valuation. The context is administrative grain collection and transport."
87,A_nomoney,p.berl.salmen;;9,Request of Seed from a Private Landowner,Herakleopolis,-0086,-0085,πυρου,| εἰς τὸ 32 ἔτος διὰ τὸ ἀσθενῶς ἔχειν ἠξίου χρηματί σαι | α ὐ τῶι εἰς σ πέρματα εἰς ἑκάστην ἄρουραν πυροῦ ἀρτάβην 1 με τ ενή ν οχα | ἔ χον ὑπογραφή ν . | ὁ βασιλικὸς γραμματεὺς ἀ ν έ γρ αψε ἀ ν έ γν ω ἀ ν,False,True,True,FP,,,,,,"εἰς σπέρματα — seed loan request, not price",πυρου,39,αρταβων,1050,ταλαντα,27.91,no,OTHER,,0.0,,False,high,πυρου,,,,,"The text describes a request for 1 artaba of wheat per aroura 'for seeds' (εἰς σπέρματα). There is no mention of a monetary value or exchange, only a distribution of grain for agricultural purposes."
88,A_nomoney,p.oslo;3;194,Account,unbekannt,0101,0200,πυρου,ἀπὸ δ η | λοιπὸν πυροῦ ἀρτάβαι 51 | πες πυροῦ ἀρτάβ 9 λοιπὸν ἀρτάβαι 42 | Ἐκιῶσις καὶ Πετεσοῦχ ος | πυροῦ ἀρτάβας 131 | ὧν ἐκφο ρίου πυροῦ ἀρτάβαι 6 1/2 | ὧν Πτολεμαίῳ | πυροῦ ἀρτάβαι 25 | ἄλλαι πυροῦ ἀρτά,False,True,True,ME,,,,,,,πυρου,1,αρταβησ,42,δραχμαι,26.36,no,OTHER,,0.0,,True,high,πυρου,0.25,artaba,42.0,drachma,"The text directly juxtaposes 'πυροῦ ἀρτάβης 1/4' (1/4 artaba of wheat) with 'δραχμαὶ 42' (42 drachmas), indicating a clear price or valuation rate. The 'ος' before the drachma amount suggests minor damage or an abbreviation."
89,A_nomoney,p.princ;2;54,Wage Account,unbekannt,0001,0025,πυρου,πυροῦ ἀρτάβας 2 | Ἀθ η ν ώτω ρος Καρ ι πυροῦ ἀρτάβας 2 | Μυσ θᾶς Βα λανί ου εἰ ς | Φ α ῶφι καὶ Ἁθὺρ πυροῦ ἀρτάβας 4 | Ἀνίκητος πυροῦ ἀρτάβας 6 | εἰς ἄρτους ἀρτωις εἰς Φρύν | ὥστε ε π α ριτης πυροῦ ἀρτάβας,False,True,True,FP,,,,,,,πυρου,94.75,αρταβασ,0.25,χαλκω,31.01,no,OTHER,,0.0,,False,high,πυρου,,,,,"The passage lists individuals and quantities of wheat (πυροῦ ἀρτάβας 2) associated with them, possibly a record of distribution or receipt. However, there is no mention of any monetary unit or transactional language (e.g., price, sale, valuation) linking the grain to a monetary value."
90,A_nomoney,p.graux;3;30col3,keiner,Ptolemais Euergetis (Arsinoites),,,κριθ,"· Πεεῦς Μύσθου ἀρτάβας 6 1/6 κριθ ῆς ἀρτάβης 1/2 1/24 , Ὀν ν ῶφρις καὶ Μύσθ ης ἀρτάβας 6 1/2 1/12 | κριθ ῆς ἀρτάβης 1/2 1/24 , Ἥρων καὶ Πασίων ἀρτάβας 6 1/3 1/8 κριθ ῆς ἀρτάβης 1/2 1/24 , Π ε ις καὶ Ἥρων",False,True,True,FP,,,,,,"Same doc as 14/80 (p.graux;3;30col3), list of grain contributions",κριθησ,6.5,αρταβασ,8,δραχμων,37.28,no,PRICE,"rate_construction,priceword_ext",0.8,,False,high,κριθ,,,,,"The text lists a total amount in drachmas, followed by a separate enumeration of individuals and their respective quantities of barley. There is no explicit transactional or rate expression linking the drachmas to the barley as a price."
91,B_money,psi;5;507,Ricevuta di salario,Philadelphia (Arsinoites),-0257-09-21,-0257-10-20,πυρων,"Μεσορὴ δραχμὰς ἑ ξ ηκοντα | τέσσαρας τέσαρας 64 εξ ηκοντα δυο ὃ γίνεται ἑκάστωι δραχμαὶ 16 · | καὶ πυρῶν ἀρτάβας ὀκ τώ 8 , ὃ γίνεται | ἑκάστωι ἀρτάβαι 2 . γίνονται δραχμαὶ 64 καὶ πυ ρῶν ἀρτάβαι 8 . | βασι",True,True,True,FP,,,,,,"πυρῶν ἀρτάβας ὀκτώ — wheat distributed equally among 4 persons (2 art each), salary/rations",,,,,,,,,,,,,,πυρων,,,,,
92,B_money,bgu;6;1217,Amtliches Schriftstück über die Verpachtung von Staatsäckern,Hermopolis (?),-0200,-0101,ολυρασ,1/3 | εἰς δὲ πυρῶν μ υριάδες 83 5 2 6 596 82 1/2 | | ||| | καὶ τῆς κα | σήσαμον | ὧν ἐκφόριον | ω | ὀλύρας | σήσ αμ ον | εἰς δὲ πυρῶν | καὶ ν ε | πρὸς σῖ τον | ὧν | κριθῆς | ὀλύρας μ υρίαδες | χαλκοῦ οὗ ἀ λ,True,False,True,FP,,,,,,"ὀλύρας — emmer in tax assessment context, ἐκφόριον",,,,,,,,,,,,False,high,ολυρασ,,,,,"The passage lists quantities of different grains (barley, emmer, lentils) and their equivalent quantities in wheat (αἳ πυροῦ). No monetary units are mentioned, indicating a grain-to-grain conversion rather than a grain-to-money price."
93,B_money,p.tebt;1;190r,keiner,Arsinoites,-0100,-0076,κριθη,λθοῦ σιν χάριν τοῦ κιννα μώμου κικιννα μώμου 1000 | καὶ ἄλ λαι παραζυγῆς παρασζυγῆς δραχμαὶ 2 | καὶ κριθη ς εἰς συνπλή ρωσιν 2 1/2 1 1/2 1800,True,False,True,FP,,,,,,"κριθῆς εἰς συμπλήρωσιν — barley for completion/supplement, not price",,,,,,,,,,,,,,κριθη,,,,,
94,B_money,p.petr;3;80,Reports on Cultivation,Arsinoites,-0300,-0201,πυρρειασ,05 1/2 1/12 | σὺν δὲ τῶι μεμετρημένωι | εἰ ς πυρῶν λόγον ἀρτάβαι 1509 | καὶ ὧι πλείω διαγέγραπται | Πυρρείας ἀπὸ τιμῆς σησάμου | ἐν τῶι Θῶυθ 26 ἀπὸ δραχμῶν 531 δραχμαὶ 371 | αἳ πυρῶν 185 1/2 | εἰς τὸ αὐτὸ 169,True,True,True,ME,,,,,,"Πυρρείας person name not grain; ἀπὸ τιμῆς σησάμου = price of sesame, not wheat. RB wrongly extracted.",πυρ,1509,αρταβαι,1,οβολου,42.5,no,PRICE,"receipt_price,priceword_ext",0.7,,True,high,πυρρειασ,185.5,artaba,371.0,drachma,"The phrase ""δραχμαὶ 371 | αἳ πυρῶν 185 1/2"" explicitly states that 371 drachmas are equivalent to 185.5 artabas of wheat, representing a valuation or conversion rate."
95,B_money,p.erl.diosp;;1,Wirtschaftsbuch,Diospolis Parva,0313,0314,σιτολ,οἰκίας οἰκει αὐτοῦ τάλαντα 20 Ἠλ ίας | ἀπὸ με ρισ μοῦ Π λ αντᾶτος τάλαντα 14 Ἠλ ίας | ἀπὸ πιττακίου σιτολ όγων τάλαντα | ἀπὸ Θεαιτήτ ου χθ ο υ Ἡρακ τάλαντα 2 | ἀπὸ τοῦ Ἑρμωνθίτου Ἑρμο νθ ὑπ ὲρ τι μῆς ἀ χύ,True,False,True,FP,,,,,,"Tax: σιτολόγων grain tax officials, administrative receipt",,,,,,,,TAX,,,TAX,False,high,σιτολ,,,,,"The phrase 'σιτολ όγῳ' (likely σιτολόγῳ, 'for the grain account' or 'as a grain payment') indicates a payment of 24 talents related to grain. However, no specific quantity of grain (e.g., in artabas) is mentioned, which is necessary to establish an 'exchange rate' or a price per unit of grain as defined by the task."
96,B_money,p.cair.zen;4;59787,Account of money,Philadelphia? (Arsinoites),-0275,-0226,σιτου,δραχμὰς 200 | ἐπὶ τὴν Ἀρτεμιδώρου τράπεζαν | κατεβλήθησαν ἀργ υρίου δραχμαὶ 140 ὧν | Δαμάσται τιμὴν σίτου τοῦ γινο | μένου εἰς τὸ ἐκφόριον πυ ροῦ ἀρ ταβῶν ἀρ γυρίου 59 3 | Ἀρόμβαι δάνειον κατὰ συγγραφὴν ἀρ,True,False,True,TP,,,,,,"τιμὴν σίτου τοῦ γινομένου εἰς τὸ ἐκφόριον — price of wheat for rent payment, with explicit τιμή + amount",σιτου,,,140,δραχμαι,37.24,yes,PRICE,priceword_ext,0.6,"TAX,LOAN",True,high,σιτου,,artaba,59.5,drachma,"The phrase ""τιμὴν σίτου ... πυροῦ ἀρταβῶν ἀργυρίου 59 3"" explicitly states the valuation (τιμή) of wheat (πυροῦ) in artabas (ἀρταβῶν) at 59 drachmas 3 obols of silver (ἀργυρίου), likely for rent (ἐκφόριον). The quantity of artabas for this total value is not specified."
97,B_money,sb;20;14708,Eingabe wegen Amtsverfehlungen eines Komarchen,"Theadelphia (Arsinoites, Ägypten)",,,πυρου,ύτου ἱκανὴν παραλογείαν παραλογή α ν πεποιη | μέ νου καθʼ ἔτος ἐκ τῶν αὐτῶν γεωργῶν ἑκάστης ἀρούρας πυροῦ ἀρτάβην ἡμίσειαν καὶ | χ αλκοῦ δραχμὰς 90 ἐξ ὧν συνῆγε τοῦ τον ἀπαχθῆναι. συμπαρα | τά ξας μοι τὸν,True,True,True,FP,,,,,,"Seed: exaction per aroura of wheat, not market price",,,,,,,,SEED,,,SEED,,,πυρου,,,,,
98,B_money,p.thmouis;1;1,"Le papyrus Thmouis 1, colonnes 68 - 160",Thmuis (Mendesios) Thmuis,0180,0192,πυρου,"γίνονται δραχμαὶ 20 ἡμιωβέλιον 1/2 χ αλκοῖ 2 , | μὴ συνοψιζο μένου διοικήσε ω ς ||| | πα ρ αναύλου πυροῦ σύνπ αντι ἀρτάβαι 36 1/24 | ἀ ργ υρίου δραχμαὶ 14 ὀβολοὶ 2 1/2 , γ ίνονται ἐπ ὶ τὸ αὐτὸ δραχμαὶ 43",True,True,True,FP,,,,,,,κριθ,,,603,δραχμαι,26.01,no,OTHER,,0.0,,False,high,πυρου,,,,,"The monetary amount (δραχμαὶ 6 ὀβολοὶ 3 1/2 χαλκοῦς 1) is explicitly linked to 'διοικήσεως παραναύλου' (administrative freight) for the wheat, not the price of the wheat itself. Freight fees are excluded from grain price observations."
99,B_money,p.ross.georg;5;61,Ausgaben eines mit der Verpflegung der Truppen betrauten Amtes,Herakleopolites (?),0351,0400,σιταρχιασ,ρίων μυριάδες 140 1400000 | κ λῃ καμηλαρ ίῳ ὑ πὲρ ναύλου χλ αμύδων δηναρίων μυριάδες 3 | ὑ πὲρ τιμ ῆς σιταρχίας τῆς ἀποδημίας δηναρίων μυριάδες | Ἀρ ίῳ πραγ ματευτῇ ὑπὲρ τιμ ῆς χλ αμύδων 7 δηναρίων μυριάδων μυ,True,False,True,TP,,,,,,"τιμῆς σιταρχίας — price of grain ration provision, with τιμή",,,,,,,,,,,,True,medium,σιταρχιασ,,,,denarius,"The phrase 'ὑπὲρ τιμῆς σιταρχίας' explicitly states 'for the price of grain supply', linking a grain-related commodity to denarii. However, the specific quantity of grain and the exact monetary value are missing due to damage."
100,B_money,p.tebt;3.1;701,Register of Official Business,Tebtynis (Arsinoites),-0210-03-14,-0210-09-08,πυρον,"ρὶ Ἀλαβανθ ίδα πυ ροῦ 20 , | ὥστε ἀποδοῦ ναι ἐκ ἐγ νέων ἡμιόλιο ν ἀκίνδυ | νον, τάξονται δὲ ἐκφόρια πυρὸν κατὰ λόγ ον | τοῦ σπέρματος ω ν | θ η τὰ κατʼ ἀσφ ά λ ειαν | δραχμ 1000 , λήψονται δὲ εἰς παρα | δρ",True,False,True,FP,,,,,,Tax/Seed: ἐκφόρια πυρὸν κατὰ λόγον τοῦ σπέρματος rent proportional to seed,,,,,,,,TAX,,,"TAX,SEED",False,high,πυρον,,,,,The passage describes a land lease where the rent (ἐκφόρια) is paid in wheat (πυρὸν) and a return of wheat (ἡμιόλιον) is expected. There is no mention of a monetary exchange for the grain.
101,B_money,p.col;3;2,Account of Earnings of a Camel Caravan,unbekannt,,,σιτηγιασ,| τῶν ταριχηγησάντων ||| | | ἐξ Σιδῶ ν ο ς εἰς Γ άλιλαν | σιτηγήσαντες ἔλ αβον δραχμὰς 48 . | ἄλλης σιτηγίας ἐκ τοῦ αὐτοῦ | τόπου δραχμὰς 48 . | μετὰ Σίμωνος ἐκ ἐγ Γαλίλας γαλι α λας | σιτηγήσαντες δραχμὰς 15,True,False,True,FP,,,,,,"σιτηγίας — grain transport, ἔλαβον δραχμὰς 48 payment for transport service",,,,,,,,,,,,,,σιτηγιασ,,,,,
102,B_money,p.brem;;57,Brief der Arsis an Kornas,Hermopolis (?),0113,0120,πυρου,αίρειν. | πρὸ πάντων σε ἀσπάζομαι. Ἐπαφρόδει | τος ἔδωκέ μοι δραχμὰς τεσσαράκοντα | τέσσαρας 44 καὶ πυροῦ ἥμισυ 1/2 καὶ τὸ προσ | κύνημά σου ποιῶ ποιῶι παρὰ πᾶσι τοῖς θεοῖ ς . | ε ὐχαριστῶ ε ὐχαριστῶι τῷ κ,True,False,True,FP,,,,,,"ἔδωκέ μοι δραχμὰς 44 καὶ πυροῦ ἥμισυ — gave me 44 dr and half (artaba) wheat, separate items not a price",,,,,,,,,,,,,,πυρου,,,,,
103,B_money,p.oxy;10;1344,Account,Oxyrhynchos,0301,0400,κριθησ,"| Ἀπολλωνία θυγ άτηρ Φ ί λωνος· σίτου ἀρτάβαι 8 1/2 , κριθῆς ἀρτάβαι 13 , οἴν ο υ ξ έσται 158 , υ λ ξ έσται 106 , ἐξαργ υρισμοῦ τάλαντα 3 δηνάρια 3300",True,True,True,FP,,,,,,"σίτου ἀρτάβαι 8½ κριθῆς ἀρτάβαι 13 — grain distribution list, no price",,,,,,,,,,,,False,high,κριθησ,,,,,"The passage lists quantities of various commodities (wheat, barley, wine, oil) followed by a total monetary amount for 'ἐξαργυρισμοῦ' (monetization/conversion into money). This is a lump sum for all items, not a specific unit price for grain."
104,B_money,sb;22;15813,Zollregister,Soknopaiu Nesos (Arsinoites),0101,0300,πυρου,3 δραχμαὶ 6 | ἐξ άγων πυροῦ κά μηλον 1 δραχμαὶ 2 | | ἐξ άγων πυροῦ κ α μήλους 3 δραχμαὶ 6 | ἐξ άγων πυροῦ κά μηλον 1 δραχμαὶ 2 | ἐ ξ άγων ἑλε ν ίου κα μήλους 6 δραχμαὶ 16 διώβολον | ἐξ άγων πυροῦ κ α μήλου,True,False,True,FP,,,,,,"ἐξάγων πυροῦ κάμηλον — camel transport of wheat, toll/customs payments",,,,,,,,,,,,,,πυρου,,,,,
105,B_money,o.leid;;394,Receipt for Adaeratio of Wheat,unbekannt,,,πυρου,"| Ἐπεὶφ 4 τοῦ 23 ἔτους ὀνό ματος | Πανα μέως Πανα μέως Πετεχώ νσιος | ὑπ ὲρ 20 ἔτους τι μῆς πυροῦ δραχμὰς δεκαέξ, γίνονται δραχμαὶ 16 . Α σεση μείωμαι .",True,False,True,TP,,,,,,"τιμῆς πυροῦ δραχμὰς δεκαέξ — price of wheat 16 drachmas, with τιμή, through bank",,,,,,,,,,,,True,high,πυρου,,,16.0,drachma,"The phrase 'τιμῆς πυροῦ δραχμὰς δεκαέξ' explicitly states a payment of 16 drachmas for the price/valuation of wheat, even if the quantity of wheat is not specified."
106,B_money,sb;14;12170,Liste von Steuerpflichtigen und deren Leistungen,Oxyrhynchites,0031,0032,πυρου,ς ὁ μοίως 1 | Πεκῦσις Τοτο έους τοῦ Σαρᾶ 6 | ἐκφο ρίου Πετσεῖ ρι ς Κο τ τέους 16 | Σιναρ ύ | τι μῆς πυροῦ Ἡρακλῆς Ἡρακ λήου 7 ὀβολοὺς 4 1/2 | ὀφειλημάτων ἐ ξ ὀ νόματος Δημητρίου Δημητρις Διοσκό ρου 4 | τι,True,False,True,TP,,,,,,"τιμῆς πυροῦ — price of wheat 7 ob 4½, with τιμή",,,,,,,,,,,,,,πυρου,,,,,
107,B_money,chr.wilck;;414,keiner,Theben,,,πυρου,"| Π α ς Κ ρ ου Παήρει Παῆρις Πανᾶτος Πανᾶς . ἔχω | παρὰ σοῦ ὑπὲρ τιμῆς πυροῦ ἀρτάβης ἀρταβη | μιᾶς μίαν 1 ῥ υ φ αρ ῥυπ αρὰς δραχμὰς , οὗ ἔλαβ ες ἐ ν ἀπὸ θησαυ | ρῷ θησαυ | ροῦ",True,True,True,TP,,,,,,"τιμῆς πυροῦ ἀρτάβης μιᾶς ῥυπαρὰς δραχμάς — price of 1 artaba wheat, dirty drachmas, from granary",,,,,,,,,,,,True,high,πυρου,1.0,artaba,,drachma,"The phrase 'ὑπὲρ τιμῆς πυροῦ ἀρτάβης' explicitly states a price for one artaba of wheat, paid in 'ῥυπαρὰς δραχμὰς' (base drachmas), but the numerical value of the drachmas is missing due to damage."
108,B_money,p.ross.georg;2;pg28,keiner,Theben,,,πυρου,ῖς συνστρατιώταις | αὐτοῦ εἰς τὸ πα ράγ γελμα σὺν | Πλάτωνι τῶι συγγενεῖ καὶ στρα τηγῶι | ἀπὸ τιμῆς πυροῦ χαλκοῦ | δραχμὰς τρισχιλίας γίνονται 3000,True,False,True,TP,,,,,,"ἀπὸ τιμῆς πυροῦ χαλκοῦ δραχμὰς τρισχιλίας — from price of wheat, 3000 bronze drachmas",,,,,,,,,,,,True,high,πυρου,,,3000.0,drachma,"The phrase ""ἀπὸ τιμῆς πυροῦ"" explicitly links wheat to a monetary value of 3000 drachmas, indicating a valuation or sale price for an unspecified quantity of wheat."
109,B_money,p.cair.zen;2;59294,Fragment,unbekannt,-0253-01-24,-0253-02-22,σιτομετριαν,ος δραχμαὶ 300 ἕ ω ς Φαῶφει 30 | διὰ τοῦτο ἀπῖπα Κλειτάρχωι ἀπιπ α | μὴ μετρεῖν τὴν μὲ μετρεῖν τὴ ν σιτομετρίαν τοῖς δε | κατάρχοις δε | κατάρχοις ἐὰν μ ὲ | τὰ σώματα εἰς τ | οὐδὲ λόγον μου ἐπ οιήσατο | ἀλλὰ μεμ,True,True,True,FP,,,,,,"σιτομετρίαν — grain distribution/rations to soldiers, not price",,,,,,,,,,,,False,high,σιτομετριαν,,,,,"The text mentions 'δραχμαὶ 300' and 'σιτομετρίαν' (grain measurement/distribution), but there is no explicit link between the monetary amount and the grain that would indicate a price. The phrase 'μὴ μετρεῖν τὴν σιτομετρίαν' refers to an instruction about grain distribution, not a transaction or valuation."
110,B_money,sb;14;12128,Abrechnung über Weizenleistungen,Arsinoites (?),0101,0200,πυρου,"| ἀνηλώθ ησαν εἰς | ἄ ρτους πυροῦ ἀρτάβαι 26 . | τ οῖς φυλακ ίταις ὑπὲρ | ὀ ψ ωνίου ἀρτάβαι 11 2/3 ἀ | ν ὰ δραχμὰς 12 , δραχμαὶ 140 .",True,True,True,ME,,,,,,ὀψωνίου rations: ἀρτάβαι 11⅔ ἀνὰ δραχμὰς 12 δραχμαὶ 140 — rate construction but for rations (ὀψωνίου). Borderline; values match a rate but context is rations. Label as ME since price is extractable but context is ration.,πυρου,124,αρταβαι,12,δραχμασ,39.97,no,PRICE,rate_construction,0.8,,,,πυρου,,,,,
111,B_money,psi;14;1410,Conti,Tebtynis (Arsinoites),0101,0200,πυρριωνοσ,κεριᾶτος δραχμαὶ 20 ὀβολοὶ 9 | Μεγίστης δραχμαὶ 12 | γίνονται δραχμαὶ 56 ὀβολοὶ 9 | ἐξ ὧν Κρονίων ι πυρρίωνος δραχμαὶ 4 | ἱερεῖ ἱερῖ μεγάλης Ἴσιδος Ἴσιτος δραχμαὶ 4 | ὑπὲρ ναυβί ω ν ετε ε δραχμαὶ 8 | Ἡρακλείδ,True,False,True,FP,,,,,,"πυρρίωνος — personal name (Pyrrhion), not grain",,,,,,,,,,,,True,medium,πυρριωνοσ,,,4.0,drachma,"The phrase 'πυρρίωνος δραχμαὶ 4' appears in an expenditure list ('ἐξ ὧν'), indicating a payment of 4 drachmas for reddish wheat. While no quantity unit is specified, this represents a purchase price for the grain."
112,B_money,p.cair.zen;1;59010,Account,"Alexandria (?), Palästina (?)",,,κριθων,δραχμὰς 2 4 χ αλκοῦς 1 1 20 4 10 4 ||| | ε του | vestiges τ ω ν | χα ρτῶν 60 ὧν Ζήνων δραχμὰς 40 | κριθῶν ἀρ τάβας 10 ἀν ὰ 2 5 γίνονται 28 2 | ἄλλας δραχμὰς 8 ἃς ἐν Ἀσκάλωνι | ἄλλας καμήλων δραχμὰς 24 | κα,True,False,True,TP,,,,,,"κριθῶν ἀρτάβας 10 ἀνὰ 2[dr] 5 γίνονται 28 2 — barley 10 art at rate, with rate construction ἀνά",κριθων,,,40,δραχμασ,25.05,no,OTHER,,0.0,,True,high,κριθων,10.0,artaba,28.33,drachma,"The passage explicitly states 'κριθῶν ἀρ τάβας 10 ἀν ὰ 2 5 γίνονται 28 2', which translates to '10 artabas of barley at a rate of 2 drachmas 5 obols per artaba, totaling 28 drachmas 2 obols'. This is a clear grain price calculation."
113,B_money,sb;18;13144,Auflistung von Geldzahlungen,Euhemeria (Arsinoites),,0094-09-11,σιτολογ,| ἔκθεσις ποτισμ ῶν ἐλ αι ώ νων · | Εὐδᾶς Σαθροείτης δραχμὰς 8 1 | Παπίω νι ναύτηι | Κεφαλίων σιτολόγ ος δραχμὰς 1 | Ἀγχορίμφις σιτολόγ ος δραχμὰς 2 | Χα ιρ ᾶς πράκτωρ δραχμὰς 4 | Ἡρακλειδίω ν Σα μ βαθ,True,False,True,FP,,,,,,"σιτολόγος — grain tax official receiving payment, not grain price",,,,,,,,,,,,,,σιτολογ,,,,,
114,B_money,p.frankf;;2tripl,Pachtvertrag aus dem 8. Jahr des Philopator 215/4 a. Chr.,Tholthis (Oxyrhynchites),-0215,-0214,πυρων,"τὰ τὰ γεγραμμένα, ἀποτεισάτωσαν Ἀλέ | ξανδρος καὶ Ὧρος Εὐπόλει τιμὴν τῆς ἀρτάβης | ἑκάστης τῶν τῶ μ πυρῶν δραχμὰς δέκα 10 . ἡ δ ὲ κα | λ ά μη ἔστ ω Εὐπόλ ε ως· τὸ δὲ ἄχυρον ἀλο ή σας | Ε ὔ πολι ς ἐχέ τω κα",True,True,True,TP,,,,,,"τιμὴν τῆς ἀρτάβης ἑκάστης τῶν πυρῶν δραχμὰς δέκα — price per artaba of wheat = 10 drachmas, explicit penalty clause",,,,,,,,,,,,False,high,πυρων,,,,,The text describes the provision of seed wheat (σπέρμα πυρῶν) at a rate of one artaba per aroura of land. There is no mention of a monetary exchange or valuation.
115,B_money,bgu;7;1613,Aufstellungen über Geldsteuerrückstände mehrerer Dörfer des Herakleidesbezirks,Philadelphia (Arsinoites),0069,0070,πυρου,"1 ἔτους Οὐ εσπασιανοῦ δραχμὰς 80 , ἁλ ικῆς 120 , χω ματικοῦ 12 ἔτους Νέρω νος δραχμὰς 20 , | τιμ ῆς πυροῦ ἀρταβῶν 1 ἔτους Γάλβα ῥυπ αρὰς δραχμὰς 28 5 , 13 ἔτους Νέρω νος κατακ , | 12 ἔτους ὁμοίω ς δραχμὰς",True,True,True,FP,,,,,,"Tax: τιμῆς πυροῦ in tax receipt context (χωματικοῦ, ἁλικῆς) — commutation of grain tax to money, not market price",,,,,,,,TAX,,,"TAX,TRANSPORT",True,high,πυρου,13.0,artaba,2.0,drachma,"The phrase 'τιμῆς πυροῦ ἀρταβῶν 13' explicitly states 'price/valuation of 13 artabas of wheat', which is then linked to 'δραχμ 2' (2 drachmas)."
116,B_money,sb;6;9017_8,Privatbrief,Wâdi Fawâkhir,0001,0200,κριθην,"ι. ἐὰν ἐκτεθῇ ἐχθῇ τὸ ὀψώνιον | πράξητε καὶ τηρήσητε ἄχρι ἐγὼ | παρέσομαι. εἰ πέπρακας πέπρακες τὴν κριθὴν, εἰ δὲ μὴ | δώσεις δ ώσις Ἀλβανῷ ἵνα μοι οἴσῃ οἴσι · ὧδε | γ ὰ ρ δραχμῶν 16 ἐστιν ἡ ἀρτάβη. ἐὰν ᾖς",True,True,True,TP,,,,,,"πέπρακας τὴν κριθήν... δραχμῶν 16 ἐστιν ἡ ἀρτάβη — 'have you sold the barley... 16 dr per artaba', explicit sale + rate",κριθην,,,16,δραχμων,31.04,no,PRICE,sale_verb,0.5,,,,κριθην,,,,,
117,B_money,p.lond;3;890,keiner,unbekannt,,,πυρραι,25 Ἀπολλώνιος Ἑρμίου | Ἡρακλή ῳ Ζήνωνος εἰ ς ἀναπ λήρ ω σιν | τιμῆς βοῶν πέ ν τε 5 ὧν τρεῖς τρῖς 3 πυρραὶ πυρα ὶ | κ αὶ λευκαὶ λεκαὶ δύο 2 τὰς λοιπὰς ἀργ υρίου | δραχμ ὰς ἑξήκοντα ἑκξήκοντα γίνονται δραχμα,True,False,True,FP,,,,,,"πυρραί — red (cows), not grain. τιμῆς βοῶν = price of cattle",,,,,,,,,,,,False,high,πυρραι,,,,,"The passage explicitly states 'τιμῆς βοῶν' (price of oxen) and describes the oxen by color ('πυρραὶ' - red, 'λευκαὶ' - white), followed by a monetary amount in drachmas for the oxen. There is no mention of any grain type or its price."
118,B_money,sb;24;16272,Liste täglicher Geldzahlungen,Sakkara (Memphites),-0275,-0226,πυρρ,| Γ λ αυκ 1 2 | Ἀπεῦς 1 3 | Παμμ ένης 1 3 | Ἀμμ 2 4 1/2 | Μῦς 2 4 1/2 | Ἀσ ῶτις 1 3 1/2 | Ἀμμ 1 2 | Πυρρ 2 ὀβολοὶ | Ἀμμ 2 3 | Γλαυ 2 4 1/2 | Ἀμμ 2 3 1/2 | Φιλοκ 2 5 ||| | βοῦλος 2 ὀβολοὶ 3 3 | Εὔαρχ ος 1,True,False,True,FP,,,,,,"Πυρρ — personal name, not grain",,,,,,,,,,,,,,πυρρ,,,,,
119,B_money,p.tebt;1;189v,keiner,Theogonis (Arsinoites),-0100,-0076,κριθησ,3200 | εἰς πόλι ν ἀργυ ρίου δραχμαὶ 12 ἀνὰ 1640 χα λκοῦ 4920 | κορσέων 900 | σύκων 450 | ῥοῶν 450 | κριθῆς 1/2 1/3 600 | ἐλαίου κοτυ λῶν 3 360,True,False,True,FP,,,,,,κριθῆς — barley amount in account without price linkage,,,,,,,,,,,,True,high,κριθησ,0.8333,artaba,600.0,,"The entry 'κριθῆς 1/2 1/3 600' lists 5/6 (1/2 + 1/3) of barley (likely artabas, the standard unit) followed by a monetary value of 600, indicating a valuation or cost in an account."
120,B_money,sb;16;12824,Abrechnung über verschiedene Abgaben,unbekannt,0334,0335,σιτου,ἀρτάβην 1 1/8 · ναύλου θαλασ σ ίων θαλασίων καὶ ἀργυρικῶν τίτλων τίδλων τάλαντα 3 1/2 · | ναύλ ο υ σίτου εἰς Ἀλεξ άνδρειαν τάλαντον 1 δραχμὰς 3000 · ναύ λ ο υ κριθῆς ὁμ ο ίως δραχμὰς 4000 · | κρέως ὁμοίως,True,True,True,FP,,,,,,"Transport: ναύλου σίτου εἰς Ἀλεξάνδρειαν freight cost, not grain price",,,,,,,,TRANSPORT,,,TRANSPORT,False,high,σιτου,,,,,"The text lists quantities of grain (σίτου, κριθῆς) followed by 'ναύλου θαλασσίων καὶ ἀργυρικῶν', which indicates a maritime freight fee paid in money, not a price for the grain itself."
121,B_money,bgu;9;1893,"Κατ᾿ ἄνδρα - Bericht der Sitologen von Βερνικὶς Αἰγιαλοῦ über die täglichen Einnahmen aus der Grundsteuer an Weizen, Gerste und Bohnen",Theadelphia (Arsinoites),,,πυρου,ίδος φο ρέτρων κλη ρούχων πυροῦ ἀρτάβαι 2 1/8 ||| | Νεῖλος Τρύφωνος γεγυ μνασιαρχηκὼς πρότερον Διδυ πυροῦ ἀρτάβαι 32 3/4 | Βερ νικίδος κ ατ οί κων 26 1/8 ἀμπ ελίτιδος 1 1/2 2/3 προ σμετρουμένων 1 1/24 | γί,True,True,True,FP,,,,,,"φορέτρων — freight charges, πυροῦ ἀρτάβαι in delivery context",,,,,,,,,,,,False,high,πυρου,,,,,"The text lists quantities of wheat (πυροῦ ἀρτάβαι) associated with individuals, possibly as deliveries or accounts, but no monetary value is linked to these grain quantities to indicate a price."
122,B_money,p.cair.zen;2;59176,Daily account of receipts and expenses,Philadelphia (Arsinoites),-0255-06-29,-0255-07-22,σιτηγουντι,ας εἰς τὸ γινόμενον αὐτοῖς ὀψώνιον | εἰς τὸν Παχὼνς δραχμαὶ 3 | Παμμένει τῶι παρὰ Κρότου ὀνηλάτηι | σιτηγοῦντι ἡμερῶν 4 ἕως 28 4 | γίνονται δραχμαὶ 5 λ οιπαὶ δραχμαὶ 19 9 ὀβολοὶ 3 1/4 3 1/4 | ἀργ υρίου δραχμαὶ,True,False,True,FP,,,,,,"σιτηγοῦντι grain transport worker pay, not grain price",ολυρασ,,,8,δραχμαι,33.97,no,PRICE,priceword_ext,0.6,,False,high,σιτηγουντι,,,,,"The term 'σιτηγοῦντι' indicates a donkey driver involved in carrying or supplying grain, but there is no explicit monetary value linked to a specific quantity of grain. The drachma amount mentioned earlier in the text refers to wine, not grain."
123,B_money,p.tebt;1;67,Report of the Crops of Crown Land,Kerkeosiris (Arsinoites),,,πυρου,"ι εἰς πυροῦ 4642 1/12 . | ἐκ ἐγ δὲ τούτου ἃ δεῖ ἀπαιτεῖσθαι | πυρ οῦ 3331 1/3 , κρι θῆς 1312 1/3 αἳ πυροῦ 787 1/3 , | φακοῦ 500 , χαλκοῦ ὧν σῖ τος 39 1/3 1/12 , γίνονται εἰς πυροῦ 4658 1/12 . | καὶ ἃ δεῖ ν",True,False,True,FP,,,,,,"Tax assessment: p.tebt;1;67, land survey grain calculations",πυρου,,,91.75,χαλκου,27.54,no,OTHER,,0.0,,False,high,πυρου,,,,,"The passage lists quantities of various grains, including a portion categorized as 'χαλκοῦ ὧν σῖτος' (of bronze, of which grain). While 'χαλκοῦ' refers to bronze coinage and 'σῖτος' to grain, the phrase does not express a price rate or a specific monetary amount exchanged for a quantity of grain. It appears to be a categorization of grain received or accounted for, not a price observation."
124,B_money,p.flor;3;368v,Contratto d’affitto,Hermopolites,0096,,πυρου,δραχμαὶ 100 | καταλεί πονται δραχμαὶ 104 9 1044 5 | καὶ πρ οσ γίνονται δραχμαὶ 45 3 | καὶ ἀπὸ τιμῆς πυροῦ δραχμαὶ 13 4 |,True,False,True,TP,,,,,,"ἀπὸ τιμῆς πυροῦ δραχμαὶ 13 — from the price of wheat, 13 drachmas",πυρου,,,13,δραχμαι,39.48,yes,PRICE,"receipt_price,priceword_ext",0.7,,False,high,πυρου,,,,,"The text mentions a total drachma amount (δραχμαὶ 77 2) associated with 'public wheat' (πυροῦ δημοσίου) as part of a 'common receipt' (κοινοῦ λήμματος). This represents an accounting entry for a total value or income, not a price per unit of grain, as no quantity unit for wheat is provided."
125,B_money,sb;20;14576,Buchhalter eines Steuereinnehmers,Philadelphia (Arsinoites),0046,0047,πυρου,το υ κλά δων δραχμαὶ 3 3 | ευ ς ὀβολοὶ 4 | Ἥρωνι μαχ αιροφόρῳ ὀβολὸς 1 | ὁμο ίως δραχμαὶ 17 | τιμῆς πυροῦ δραχμαὶ 6 | δαπανῶ ν ἐπιξένω ν | Πτολ εμαίδος Νέας τιμῆ ς κρε ῶν δραχμαὶ 3 2 | ἐφοδίο υ μαχ αιροφόρ,True,False,True,TP,,,,,,"τιμῆς πυροῦ δραχμαὶ 6 — price of wheat 6 drachmas, in expense account",πυρου,,,6,δραχμαι,33.05,yes,PRICE,priceword_ext,0.6,,False,high,πυρου,,,,,"The text records a quantity of wheat (πυροῦ ἀρταβῶν 29 1/4 1/16) associated with a bank transaction and subsequent expenses (δαπανήματα). However, there is no monetary amount explicitly linked to the grain as a price or valuation. It appears to be an accounting record of grain movement or expenditure, not a price statement."
126,B_money,bgu;2;568,keiner,unbekannt,0101,0200,πυρου,"ραχμῶν 240 , πυροῦ 8 δραχμὴ 1 | ην Ἁ τρῆτο ς δραχμῶν 8 δραχμὴ 1 | Λο γγεῖνον Τιτολήι ο ν ἀποδ όσεως πυροῦ ἀρταβῶν 9 2 | διεγ ρ άφησαν . | ι σαναντ το ς συγγραφῆ ς γάμο υ δραχμὴ 1 |",True,True,True,FP,,,,,,"ἀποδόσεως πυροῦ ἀρταβῶν — grain repayment, grapheion register",,,,,,,,,,,,True,high,πυρου,6.0,artaba,1.0,drachma,"The phrase 'κριθ ῆς 6 δραχμὴ 1' explicitly links 6 units of barley to 1 drachma, indicating a rate. The quantity unit is implied as artaba, a common unit for grain in Roman Egypt."
127,B_money,p.alex;;1,Lettre officielle concernant des provisions pour les soldats,unbekannt,-0300,-0201,πυρου,"ταλάντου 1 , οἴνου δεῖ μετρεται μὴ ἔλασσ ον κεραμίδων 50 | μὴ ἔ λ ασσον σ θαι ἐν τ οῖς τ κ στη το ῦ πυροῦ ἀρτα β | κ ε ν οὐκ |",True,True,True,BORDER,,,,,,"πυροῦ ἀρτα β — very damaged/fragmentary text, cannot determine context",,,,,,,,,,,,False,high,πυρου,,,,,"While 'ταλάντου 1' (1 talent) and 'τοῦ πυροῦ ἀρταβ-' (of wheat, artaba) are present, they are not explicitly linked in a transactional or rate expression. The talent is separated by a clause about wine, and the wheat mention is within a heavily damaged phrase that seems to refer to a minimum quantity rather than a price."
128,B_money,p.petr;3;80,Reports on Cultivation,Arsinoites,-0300,-0201,πυρων,ι πλείω διαγέγραπται | Πυρρείας ἀπὸ τιμῆς σησάμου | ἐν τῶι Θῶυθ 26 ἀπὸ δραχμῶν 531 δραχμαὶ 371 | αἳ πυρῶν 185 1/2 | εἰς τὸ αὐτὸ 1694 1/2 | λοιπαὶ πυρῶν 1438 1/2 1/3 | ἀπὸ τούτων διαγέγραπται 12 | Ἀνουβιάδο,True,False,True,ME,,,,,,Same doc as 94 (p.petr;3;80): πυρῶν 185½ conversion from sesame price. RB extracted wrong grain/values.,πυρων,1509,αρταβαι,1,οβολου,33.59,no,PRICE,"receipt_price,priceword_ext",0.7,,False,high,πυρων,,,,,"The passage describes a sum of wheat quantities and then a conversion rate between barley and wheat ('κριθῶν 20 αἳ πυρῶν 12' - 20 of barley, which are 12 of wheat). There is no mention of a monetary amount linked to any grain type."
129,B_money,p.lond;7;1940,keiner,Alexandria,-0257-03,-0257-04,σιτου,χαλκοῦ δραχμὰς 410 4 | γίνονται δραχμαὶ 852 1/2 851 5 1/2 1/4 | ἀπὸ τούτου ἀνήλω ται εἰς τὰ ναῦλα | σίτου τοῦ ἐμβληθέν τ ος ἐκ τοῦ Κολχονουφίτου | μέτρωι ἀποδοχικῶι πυρῶν ἀρτ αβῶν 3017 3006 1/2 1/4 ὡ ς τῶν,True,True,True,FP,,,,,,Transport: ναῦλα σίτου grain freight charges,,,,,,,,TRANSPORT,,,TRANSPORT,False,high,σιτου,,,,,"The passage explicitly states that the drachma amounts were spent 'εἰς τὰ ναῦλα' (for the freight fees) of the grain. While a large quantity of wheat (πυρῶν ἀρταβῶν) is mentioned, the monetary sum is for its transport, not its purchase or valuation. The phrase 'ὡς τῶν' is incomplete and likely refers to a rate for the freight, not the grain itself."
130,B_money,p.oxy;6;910,Lease of Land,Pakerke oder Oxyrhynchos,,,πυρου,"ἀρτάβας ἕξ 6 , τ ῆς δὲ ἐν χλω | ροῖς ἀνὰ δραχμὰς τριάκοντα | δύο 32 , καὶ ἔσχον τὰς τῶν σπερμάτων | πυροῦ ἀρτάβας ἑπ τὰ 7 καὶ ἀποδώσω | πάντα ὡ ς π ρ όκειτα ι . Πτολεμαῖος Διο | νυσίου ἔγραψα ὑπὲρ αὐτοῦ μὴ",True,True,True,FP,,,,,,"σπερμάτων πυροῦ ἀρτάβας ἑπτά — seed wheat, lease context",,,,,,,,,,,,False,high,πυρου,,,,,"The passage describes a lease agreement where rent (ἐκφορίου, φόρου) is paid in kind, specifically 6 artabas of wheat per aroura. There is no monetary value associated with the grain, only a quantity specified as rent."
131,B_money,p.harr;1;96,Private Accounts,unbekannt,0001,0200,σιτομ,τ ου δραχμαὶ 4 ἡμιωβέλιον 1/2 | δα πάνης ἐμ οῦ καὶ Ἀπουλῇ εἰς | ἐπὶ 4 ἡμέρας δραχμαὶ 8 1 χαλκοῖ 2 | σιτομ ετρίας ἐν τῷ ἅλῳ δραχμαὶ 4 | ὑπηρέτ ῃ δραχμαὶ 4 ἡμιωβέλιον 1/2 | ὁρμοφύλ αξι δραχμαὶ 2 4 | χάρτου |,True,False,True,FP,,,,,,"σιτομετρίας ἐν τῷ ἅλῳ — grain measuring at threshing floor, expense",,,,,,,,,,,,False,high,σιτομ,,,,,"The phrase 'σιτομετρίας ἐν τῷ ἅλῳ δραχμαὶ 4' refers to an expense (δαπάνη) of 4 drachmas for measuring grain on the threshing floor, not a price for the grain itself."
132,B_money,bgu;6;1292,Privatrechnung,Eunikon (?),,,πυρου,7 1/3 1/2 | ἐκκρούεται τὸ τρίτον τῶν 10 ἀρταβῶν 3 1/2 | ἃς ὀφείλει οὐφίλι Διογένης | κώ μης Ἐννικων πυροῦ ἀρτάβας 223 1/2 1/3 | γίνονται το πυροῦ ἀρτάβαι 659 1/2 1/3 | καὶ χαλκοῦ λόγου Νίκων | ὥστε Διογένε,True,True,True,FP,,,,,,"Grain account: κώμης... πυροῦ ἀρτάβας 223½⅓ — village grain delivery, no price",πυρου,659.833333,αρταβαι,8,δραχμασ,28.25,no,PRICE,sale_verb,0.5,,False,high,πυρου,,,,,"The passage describes an 'account' (λόγος) concerning 'artabas of wheat' (πυροῦ ἀρταβῶν), but it does not mention any monetary amount or a term indicating a price, sale, or valuation."
133,B_nomoney,p.col;2;1r_6,Sitologos record of payments of a tax in kind,Euhemeria (Arsinoites),,,πυρου,4 φα κοῦ ἀρτάβης 2/3 1/8 | | Ἀπο λλώ νι ο ς Χ αιρήμ ωνος καὶ | Ὀννῶφρις Φ αήσεως | 14 Ἀ πο λ λώνιος πυροῦ ἀρτάβαι 2 1/2 1/24 κρι θῆς ἀρτάβης 1/2 1/24 15 Ἀπ ολ λώνιος κ ρι θ ῆς ἀρτάβης 1/3 | Ἀπολ λώνιος ὁμ,False,True,True,FP,,,,,,"List of persons with grain quantities (πυροῦ ἀρτάβαι, κριθῆς), tax register",,,,,,,,,,,,False,high,πυρου,,,,,"The text lists various grain types (lentils, wheat, barley) with quantities in artabas, associated with names. However, there is no mention of any monetary unit or any term indicating a price, sale, purchase, or valuation."
134,B_nomoney,p.grenf;2;23a,keiner,Krokodilopolis (Pathyrites),,,σιτοφορον,"χείλει χείληι τῶι κάτω, τὴν ὑπάρχουσαν αὐταῖς ἐν τῶι ἀπὸ βορρᾶ βορρᾶι πεδίωι | Παθύρεως γῆν ἤπειρον σιτοφόρον ἀδιαίρετον ἐν σφραγῖσι δυσὶ 2 ἀρουρῶν τριῶν ἡμίσους 3 1/2 καὶ τοῦ προσόντος χαλάσματος ἀπὸ ἀρουρῶν",False,False,True,FP,,,,,,"σιτοφόρον — grain-bearing land description, not grain price",,,,,,,,,,,,,,σιτοφορον,,,,,
135,B_nomoney,p.lond;7;1993,keiner,Philadelphia (Arsinoites),,,πυρ,| ει | ἐ ν τ ῶ ι 34 ἔτους | κ αὶ ἐλα τὸν εἰσμεμε | τρ ημ έ ν ον ἕω ς Ἐπεὶφ κριθ ο πύ ρου 221 1/2 αἱ πυρ οῦ 132 2/3 | καὶ πρ οσ ει σμεμέτρη κε ν ἐν τῶι Μεσορὴ | κρ ιθ ῆς ἀχυρώδου ς ειας ἀρ τάβας 1908 1/2,False,False,True,FP,,,,,,κριθοπύρου — mixed grain in tax/granary account,,,,,,,,,,,,False,high,πυρ,,,,,"The text describes quantities of various grains (κριθόπυρος, πυρός, κριθή ἀχυρώδης) that have been 'measured in' (εἰσμεμετρημένον, προσεισμεμέτρηκεν). There is no mention of any monetary value or currency, nor any terms indicating a sale, purchase, or valuation."
136,B_nomoney,p.lond;7;1994,keiner,Philadelphia (Arsinoites),,,πυρων,| μήκωνος 12 1/2 | λίνου 178 | χόρτου 46 1/3 1/12 | κριθῶν 8376 2/3 | ὀλυρῶν 1200 ||| | τὸ πᾶν εἰς πυρῶν ἀρ τάβας 10650 | καὶ πρόχρησιν εἰς σπέρμα | σησάμου χωρὶς τοῦ προανενηνε | γμένου ἐν τῶι Ἐπεὶφ ἀρ τ,False,False,True,FP,,,,,,"Granary account: πυρῶν ἀρτάβας 10650, bulk grain totals",,,,,,,,,,,,False,high,πυρων,,,,,"The passage details quantities of wheat, barley, and chickpeas received for sowing and as part of an account, including a substitution (ἀντὶ δὲ τῶν λοιπῶν). No monetary units or price expressions are present."
137,B_nomoney,bgu;6;1224,Amtliche Aufstellung über Saatgetreide,unbekannt,-0200,-0101,πυρων,πυρῶν 648 1/2 1/4 ὧν π υρίνου | καὶ ἀπὸ χλ 35 1/2 καὶ ὑποθήκης ἀρτάβαι 24 γίνονται 64 γίνονται εἰς πυρῶν 748 1/4 α | ἀρτάβαι 97 2/3 εἰς δὲ πυρῶν 846 ἐπιβάλλει ἐν τῷ αὐτῷ ταυτ ω ι 121 | τὸ δὲ πλεῖστον ἔτου,False,True,True,FP,,,,,,Tax assessment: grain calculations with ὑποθήκης mortgage,,,,,,,,,,,,False,high,πυρων,,,,,"The text mentions quantities of wheat (πυροῦ, πυρῶν, πυρίνου) and numbers, but there is no explicit currency unit (drachmas, obols) or transactional indicator (price, sale, rate) linking a grain quantity to a monetary value. The phrase 'εἰς πυρῶν' indicates allocation, and 'ἐπὶ τράπεζαν βασιλικῆς' suggests a deposit or payment to the royal bank, but the subsequent numbers lack a currency unit to be interpreted as a price for the grain."
138,B_nomoney,o.wilck;;926,keiner,Theben,,,πυρου,Ἀντων ίνου καὶ | Οὐήρου τῶν κυρίων Σεβαστῶν | Παῦ νι 23 ὑπ ὲρ Χ άρακος ὀνό ματος Τασήμιος | Πε τε χ πυροῦ ἥμισυ γίνεται πυροῦ 1/2 . Ἀ πο σ εσ η μείωμαι .,False,False,True,FP,,,,,,Tax receipt: πυροῦ ἥμισυ — half artaba wheat tax payment,,,,,,,,,,,,False,high,πυρου,,,,,"The text records a delivery of 0.5 units of wheat ('πυροῦ ἥμισυ γίνεται πυροῦ 1/2') on behalf of individuals, but no monetary amount or transactional link (like 'price of' or 'for') is present to indicate a grain price."
139,B_nomoney,p.cair.isid;;9,Report of Sitologoi,Karanis (Arsinoites),0309-11-30,0309-12-31,κριθησ,Πτολεμαίου ἀρτάβαι 4 1/4 | Φιλάδελφος Νεμεσίνου ἀρτάβαι 6 1/2 | γίνονται ἀρτάβαι 630 1/2 1/4 ||| | κριθῆς ὁ μ οίως· | Ἀβὼκ γυμ νασίαρχος ἀρτάβαι | Σαραπίων καὶ Ὡρίων | καὶ Μαρωνὶς ἀρτάβαι | Σουχείαινα καὶ,False,True,True,FP,,,,,,"Grain delivery register: κριθῆς with artaba quantities, no price",,,,,,,,,,,,False,high,κριθησ,,,,,"The passage lists individuals and quantities of barley (κριθῆς), likely an accounting of grain holdings or distributions, but no monetary value is associated with these quantities to form a price."
140,B_nomoney,p.oxy;12;1443,Report of Sitologi to a Strategus of the Antaeopolite Nome,Psinomerp() (Antaiopolites),0227-10-29,0227-11-27,κριθ,"ος 6 ἔτους . ἔ στι δέ· | διοικήσεως καὶ ἱ ερα τικῶν μετ ρήματος ἀρτάβαι 170 , δ α νείων ἀρτάβαι 8 , κριθ ῆς ἀρτάβαι , | φ α κοῦ ἀρτάβαι 70 , λαχά νων ἀρτάβαι 75 , καὶ ἐπίμε | τρον τ ας τοῦ πυροῦ διαρταβία",False,True,True,FP,,,,,,"Administrative: διοικήσεως grain measurements, tax context",,,,,,,,,,,,False,high,κριθ,,,,,"The passage lists various quantities of commodities (barley, lentils, vegetables, wheat) and mentions 'loans' of artabas, but no monetary value or price expression is associated with any of these items. The context appears to be an inventory or accounting of quantities, not a transaction."
141,B_nomoney,upz;2;190,Novation einer Darlehensschuld,Theben,,,πυρου,γεγραμμένος αὐτῆς αὐτηι | πατὴρ Πανᾶς τῶι τοῦ Ἁρσιήσιος πατρὶ Ὥρωι Ὡρος κατὰ | συμβόλαιον Αἰγύπτιον πυροῦ ἀρταβῶν 14 . | Πτολεμαῖος ὁ παρὰ Διονυσίου κεχρη μάτικα . | ||| | δ άνειον ἀρτ αβῶν 22 1/2 Ἁρσιήσιο,False,True,True,FP,,,,,,"δάνειον — loan of wheat artabas, not price",,,,,,,,,,,,False,high,πυρου,,,,,"The passage explicitly describes a 'δάνειον' (loan) of wheat, which is 'ἀτόκους' (without interest). This is a loan of grain, not a grain price statement."
142,B_nomoney,p.cair.zen;5;59802,Account of barley,Palästina,,,κριθων,"γίνεται τὸ πᾶν ἀρ τάβαι 8 1/2 χ οίνικες 4 . | 20 . ἵππωι βαδιστῆι κριθῶν χ οίνικας 9 , | τῶι π ώλωι κριθῶν χοίνικας 6 , | τοῖς πα ρὰ Ἀρτεμιδώρου ἵππωι | κ αὶ ὄνω ι κρι θῶν χ οίνικας 10 , ἡμιόνωι χ οίνικας 4",False,True,True,FP,,,,,,Animal feed: κριθῶν χοίνικας — barley rations for horses,,,,,,,,,,,,False,high,κριθων,,,,,"The passage describes quantities of barley (κριθῶν) being given to animals (ἵππωι, πώλωι, ὄνωι), indicating rations or feed, not a sale, purchase, or valuation. There is no mention of monetary amounts linked to the grain."
143,B_nomoney,p.dryton;1;44,Greek account written ?Dryton,Pathyris (?),-0154,-0142,πυρου,"| | | γε ἐμβα δικὸν νή σου πυροῦ 60 κ αὶ κάτερ | γον ἁμ άξης πυροῦ 25 γίνονται 85 ὧν φέρει | πρ οέχειν Μυρ σίνην κρο τῶνος 1 , τῆι |",False,False,True,FP,,,,,,Land description: νήσου πυροῦ 60 — grain yield of island land,,,,,,,,,,,,,,πυρου,,,,,
144,B_nomoney,p.col;7;158,Receipts for Deliveries in Kind,Karanis (Arsinoites),,,σιτου,"αβῶν εἴκοσι τεσσάρων ἀρταβῶν 24 , | ἀπὸ τῶν εἴκοσι τεσσάρων τεσάρων 24 παρεσχόμην | σοὶ ἐγὼ Παπέεις σίτου ἀρταβῶν δεκαπέντε | τρίτον δωδέκατον, ἀρτάβας 15 1/3 1/12 . | λοιπαὶ παρʼ ἐμοῦ ἐγὼ Παπέεις σίτου ἀρ",False,True,True,FP,,,,,,Grain delivery: σίτου ἀρταβῶν repayment context,,,,,,,,,,,,False,high,σιτου,,,,,"The text describes a bond (χειρόγραφον) for 24 artabas of grain (σίτου ἀρταβῶν 24) and a subsequent delivery of part of that grain. There is no mention of a monetary amount linked to the grain, indicating a loan or debt in kind, not a price."
145,B_nomoney,p.mil.vogl;3;145,Affitto di χηνοβόσκιον,Tebtynis (Arsinoites),,,κριθησ,"ιακόσιαι 300 καὶ χῆνας σιτιστοὺς δύο , σοῦ δι δόντος | μοι εἰς τ ὴ ν τού τ ων τροφὴν κατʼ καθʼ ἔτος κριθῆς ἀρτάβας | τ έσ σ α ρ ας 4 μέτρῳ δημοσίῳ Τεπτύνεως· δώσω δέ σοι | το ῖ ς γ ε νεθλί ο ις χῆνας ἀ ρεστ",False,True,True,FP,,,,,,Animal feed: κριθῆς ἀρτάβας 4 — barley for feeding geese,,,,,,,,,,,,False,high,κριθησ,,,,,"The text describes an arrangement where barley (κριθῆς ἀρτάβας 4) is provided for feeding geese (εἰς τ ὴ ν τού τ ων τροφὴν). This is a payment in kind or provision of resources, not an exchange of grain for money."
146,B_nomoney,p.flor;3;379r,Frammento di conti,unbekannt,,0113-11-10,πυρου,ους τετελευτηκότος | ἀρουρῶν 10 καὶ ἀρ άκου ἀρτάβαι 3 Π ετῶτος ἀνακεχ ωρηκότος περιεγ ένοντο περιεγ πυροῦ ἀρτάβαι 17 | ἐκ ἐγ δὲ τῶν Νε χθ ερῶτος ἀρουρῶν 3 κριθ ῆς κρειθ ῆς ἀρτάβαι 2 | καὶ ἐκ τῶν Ταῧρις ὀλύ,False,True,True,FP,,,,,,Grain yield: περιεγένοντο πυροῦ ἀρτάβαι 17 — surplus grain from land,,,,,,,,,,,,False,high,πυρου,,,,,"The text mentions wheat (πυροῦ) in the context of a threshing floor (ἀλοήτρα) and land area (ἄρουραι), but it does not link the wheat to any monetary value. The drachma amounts are payments for a donkey-driver and a vegetable garden, separate from the grain."
147,B_nomoney,p.fay;;101,Account,Euhemeria (Arsinoites),,,πυρου,"23 . | β ζευγῶν 37 | ἀ νὰ πυροῦ δέκατον , γίνονται πυροῦ δρό μῳ ἀρτάβαι 3 1/2 πέμπτον . | λικμηταὶ πυροῦ ἀρτάβη 1 2/3 , | ῥατωκωπαι 1/3 , | φόρετρον φώρεδρον πορείων ποληων πλοίων πώλων ποληων 53 | ἀν ὰ π",False,True,True,FP,,,,,,"Tax: πυροῦ δέκατον tithe of wheat, φόρετρον carrying fee",,,,,,,,TAX,,,TAX,False,high,πυρου,,,,,"The passage mentions quantities of wheat (πυροῦ) and refers to a 'tenth of wheat' (δέκατον), which suggests a proportion or tax, and 'winnowers of wheat' (λικμηταὶ πυροῦ) with an associated quantity, likely a payment in kind for services. There is no monetary amount linked to the grain in a transactional or valuation context."
148,B_nomoney,p.tebt;1;91,Account of Payments in Kind,Tebtynis (Arsinoites),-0113,-0112,πυρου,", | πρα κτορικοῦ 1/2 . | Θέων Θέωνος πυροῦ ἑξα χ οινίκωι 5 1/2 1/12 . | Ὀννῶφρις Ὥρου καὶ Ἀραθρῆ ς πυροῦ δε ξίμωι 15 . | Ὧρος Μικίωνος πυροῦ δε ξίμωι 53 , ὧν | ἐπιμέ τρου 1 , λο ιπαὶ 52 , ὧν α ὐ τὸς ἀρτάβ",False,True,True,FP,,,,,,Tax register: grain tax payments to granary,,,,,,,,,,,,False,high,πυρου,,,,,"The term 'δεξίμωι' (received) indicates a receipt of wheat, not a sale or purchase at a stated price. No monetary amount is linked to the grain."
149,B_nomoney,p.petr;3;99,keiner,Arsinoites,-0250,-0201,πυρου,θε νῖβ ι Σεμθέως τῶι ἐκ τ οῦ Φ ιλονίκου ἐποικί ο υ | ἣν αὐτὸς ἐγεώργει ἀρούρας 5 1/2 ἐ κφορ ίου ἀνὰ πυροῦ 1 1/2 καὶ τῆς χ έρσου 1 | ἐκφ ορίο υ τὸ α ὐτὸ τοῦ δ ὲ 37 ἔτους ἀνὰ πυροῦ 1 | Ἀ ντι πάτρωι πρωτάρ χο,False,False,True,FP,,,,,,ἐκφορίου ἀνὰ πυροῦ 1½ — rent in grain per aroura,,,,,,,,,,,,,,πυρου,,,,,
150,B_nomoney,bgu;3;802,keiner,Arsinoites,,,πυρου,τάβαι 4290 1/2 | φασή λου ἀρτάβαι 168 ἄ λλοι πυροῦ ἀρτάβαι μ υριὰς 1 6210 16210 1/2 | λοιπαὶ εἰς 23 πυροῦ ἀρτάβαι 580 κριθῆς ἀρτάβαι 2793 | κυ άμου ἀρτάβαι 866 1/2 φ ακ οῦ ἀρτάβαι 1481 1/2 | ὧν τὸ κατὰ σι,False,True,True,FP,,,,,,"Granary account: bulk grain totals, no price",,,,,,,,,,,,False,high,πυρου,,,,,"The passage lists quantities of lentils, wheat, and barley in artabas, likely as part of an accounting or inventory (γίνονται τὸ πᾶν τοῦ κατηγμένου). There is no mention of any monetary unit or any word indicating a price, sale, or valuation."
